id,archiveid,archivetitle,archiveviews,archivepostdate,archiveurl,archiveimg,created_at,updated_at
1,YBZy6AKCf6I,ã€TALKã€‘ğŸ‘æ¥½ã—ã‹ã£ãŸã¨ã†ã‚Œã—ã„ã‚’èªã‚‹ä¼šğŸ‘ã€æ¡ƒéˆ´ã­ã­/ãƒ›ãƒ­ãƒ©ã‚¤ãƒ–ã€‘,0,2021-06-12 14:37:45,https://www.youtube.com/watch?v=YBZy6AKCf6I,http://img.youtube.com/vi/YBZy6AKCf6I/hqdefault.jpg,2021-06-12 12:00:00,2021-06-12 12:00:00
2,jdio7hLzy3w,ã€3DLIVEã€‘ğŸ‘ã­ã­ã„ã‚ã‚‰ã„ã¶ğŸ‘ã€æ¡ƒéˆ´ã­ã­/ ãƒ›ãƒ­ãƒ©ã‚¤ãƒ–ã€‘,333237,2021-06-12 12:07:42,https://www.youtube.com/watch?v=jdio7hLzy3w,http://img.youtube.com/vi/jdio7hLzy3w/hqdefault.jpg,2021-06-12 12:00:00,2021-06-12 12:00:00
3,5vtFuCQciCs,ã€Minecraftã€‘ğŸ‘MAGAMAGAMAGAMAGAğŸ‘ã€æ¡ƒéˆ´ã­ã­/é›ªèŠ±ãƒ©ãƒŸã‚£ã€‘,216856,2021-06-08 18:46:51,https://www.youtube.com/watch?v=5vtFuCQciCs,http://img.youtube.com/vi/5vtFuCQciCs/hqdefault.jpg,2021-06-12 12:00:00,2021-06-12 12:00:00
4,OyMoZuIkUwE,ã€APEXã€‘ğŸ‘1MATCH âœ¨1000âœ¨DAMAGEğŸ‘ã€æ¡ƒéˆ´ã­ã­/ãƒ›ãƒ­ãƒ©ã‚¤ãƒ–ã€‘,159162,2021-06-07 11:12:46,https://www.youtube.com/watch?v=OyMoZuIkUwE,http://img.youtube.com/vi/OyMoZuIkUwE/hqdefault.jpg,2021-06-12 12:00:00,2021-06-12 12:00:00
5,BcPbELonSXU,ã€Minecraftã€‘ğŸ‘MESARODEâ€¦ğŸ‘ã€æ¡ƒéˆ´ã­ã­/ãƒ›ãƒ­ãƒ©ã‚¤ãƒ–ã€‘,193509,2021-06-05 18:10:26,https://www.youtube.com/watch?v=BcPbELonSXU,http://img.youtube.com/vi/BcPbELonSXU/hqdefault.jpg,2021-06-12 12:00:00,2021-06-12 12:00:00
6,pfQ_Es2O5aY,ã€Good Job!ã€‘ğŸ‘EVERYTIME JOOOOBğŸ‘ã€æ¡ƒéˆ´ã­ã­/ãƒ›ãƒ­ãƒ©ã‚¤ãƒ–ã€‘,129768,2021-06-03 13:35:53,https://www.youtube.com/watch?v=pfQ_Es2O5aY,http://img.youtube.com/vi/pfQ_Es2O5aY/hqdefault.jpg,2021-06-12 12:00:00,2021-06-12 12:00:00
7,U1yRmMxXA0c,ã€Minecraftã€‘ğŸ‘ä½“ãŒè¾›ã„åŸå»ºè¨­ï¼ğŸ‘ã€æ¡ƒéˆ´ã­ã­/ ãƒ›ãƒ­ãƒ©ã‚¤ãƒ–ã€‘,170234,2021-06-01 11:23:46,https://www.youtube.com/watch?v=U1yRmMxXA0c,http://img.youtube.com/vi/U1yRmMxXA0c/hqdefault.jpg,2021-06-12 12:00:00,2021-06-12 12:00:00
8,g6Fvi2w-taU,ã€æ­Œã£ã¦ã¿ãŸã€‘ğŸ‘I HAVE HAPPY NEWS ğŸ‘ã€æ¡ƒéˆ´ã­ã­/ ãƒ›ãƒ­ãƒ©ã‚¤ãƒ–ã€‘,178389,2021-05-31 14:30:27,https://www.youtube.com/watch?v=g6Fvi2w-taU,http://img.youtube.com/vi/g6Fvi2w-taU/hqdefault.jpg,2021-06-12 12:00:00,2021-06-12 12:00:00
9,qb3Z4ZVsbiY,ã€Short videoã€‘ğŸ‘NENE's GREETINGğŸ‘ã€æ¡ƒéˆ´ã­ã­/ãƒ›ãƒ­ãƒ©ã‚¤ãƒ–ã€‘,122557,2021-05-30 3:00:15,https://www.youtube.com/watch?v=qb3Z4ZVsbiY,http://img.youtube.com/vi/qb3Z4ZVsbiY/hqdefault.jpg,2021-06-12 12:00:00,2021-06-12 12:00:00
10,QIxo7Kz2Q3I,ã€ASMRâ€¦ï¼Ÿã€‘ğŸ‘çœ ã„ã­ã­ã®å°å£°é›‘è«‡ğŸ‘ã€æ¡ƒéˆ´ã­ã­/ ãƒ›ãƒ­ãƒ©ã‚¤ãƒ–ã€‘,118925,2021-05-29 16:34:31,https://www.youtube.com/watch?v=QIxo7Kz2Q3I,http://img.youtube.com/vi/QIxo7Kz2Q3I/hqdefault.jpg,2021-06-12 12:00:00,2021-06-12 12:00:00
11,3y_6dFsNU_8,ã€Xbox Game Passã€‘ğŸ‘æ•™ãˆã¦ï¼ã¼ãŸã‚“å…ˆç”Ÿï¼ï¼ğŸ‘ã€æ¡ƒéˆ´ã­ã­/ ãƒ›ãƒ­ãƒ©ã‚¤ãƒ–ã€‘,127400,2021-05-27 12:49:50,https://www.youtube.com/watch?v=3y_6dFsNU_8,http://img.youtube.com/vi/3y_6dFsNU_8/hqdefault.jpg,2021-06-12 12:00:00,2021-06-12 12:00:00
12,YU9di2pN8f4,ã€SUPERCHAT READINGã€‘ğŸ‘ã•ã£ãã®ç¶šãï¼ğŸ‘ã€æ¡ƒéˆ´ã­ã­/ ãƒ›ãƒ­ãƒ©ã‚¤ãƒ–ã€‘,75975,2021-05-26 15:58:18,https://www.youtube.com/watch?v=YU9di2pN8f4,http://img.youtube.com/vi/YU9di2pN8f4/hqdefault.jpg,2021-06-12 12:00:00,2021-06-12 12:00:00
13,y_FzaF9_lyo,ã€æ­Œæ ã€‘ğŸ‘ã†ãŸã‚ã‚ã‚ã‚ã‚ã‚ã‚ã‚ã‚ğŸ‘ã€æ¡ƒéˆ´ã­ã­/ ãƒ›ãƒ­ãƒ©ã‚¤ãƒ–ã€‘,175859,2021-05-26 12:33:44,https://www.youtube.com/watch?v=y_FzaF9_lyo,http://img.youtube.com/vi/y_FzaF9_lyo/hqdefault.jpg,2021-06-12 12:00:00,2021-06-12 12:00:00
14,alO4hTErWZA,ã€ã‚¹ãƒ¼ãƒ‘ãƒ¼ãƒãƒªã‚ªãƒ‘ãƒ¼ãƒ†ã‚£ãƒ¼ã€‘ğŸ‘5æœŸç”Ÿãƒãƒãƒœã‚³ãƒ‘ãƒ¼ãƒ†ã‚£ãƒ¼ğŸ‘ã€#ã­ã½ã‚‰ã¼/æ¡ƒéˆ´ã­ã­ã€‘,229081,2021-05-22 14:12:45,https://www.youtube.com/watch?v=alO4hTErWZA,http://img.youtube.com/vi/alO4hTErWZA/hqdefault.jpg,2021-06-12 12:00:00,2021-06-12 12:00:00
15,E8hCyNAJ4_Y,ã€å‚åŠ å‹APEXã€‘ğŸ‘Date with NeneğŸ‘ã€æ¡ƒéˆ´ã­ã­/ ãƒ›ãƒ­ãƒ©ã‚¤ãƒ–ã€‘,110831,2021-05-21 13:52:29,https://www.youtube.com/watch?v=E8hCyNAJ4_Y,http://img.youtube.com/vi/E8hCyNAJ4_Y/hqdefault.jpg,2021-06-12 12:00:00,2021-06-12 12:00:00
16,F-tuFP_gdfc,ã€Minecraftã€‘ğŸ‘GO TO MESAï¼ˆç´ æé›†ã‚ï¼‰ğŸ‘ã€æ¡ƒéˆ´ã­ã­/ ãƒ›ãƒ­ãƒ©ã‚¤ãƒ–ã€‘,199330,2021-05-20 8:44:06,https://www.youtube.com/watch?v=F-tuFP_gdfc,http://img.youtube.com/vi/F-tuFP_gdfc/hqdefault.jpg,2021-06-12 12:00:00,2021-06-12 12:00:00
17,v1Zi1TCDKoo,ã€ãŠã©ã‚‹ãƒ¡ã‚¤ãƒ³ãƒ‰ã‚¤ãƒ³ãƒ¯ãƒªã‚ªã€‘ğŸ‘æ˜”ã‚ˆãã‚„ã£ãŸã‚„ãƒ¼ã¤ï¼ğŸ‘ã€ãƒ›ãƒ­ãƒ©ã‚¤ãƒ–/æ¡ƒéˆ´ã­ã­ã€‘,152784,2021-05-18 15:45:24,https://www.youtube.com/watch?v=v1Zi1TCDKoo,http://img.youtube.com/vi/v1Zi1TCDKoo/hqdefault.jpg,2021-06-12 12:00:00,2021-06-12 12:00:00
18,DuXNSytgIV0,ã€Minecraftã€‘ğŸ‘åŸã®ç´ æã¨å»ºç¯‰ï¼ˆã¾ã§ã„ã‘ãŸã‚‰ã„ã„ãªï¼‰ğŸ‘ã€æ¡ƒéˆ´ã­ã­/ ãƒ›ãƒ­ãƒ©ã‚¤ãƒ–ã€‘,192769,2021-05-17 12:01:42,https://www.youtube.com/watch?v=DuXNSytgIV0,http://img.youtube.com/vi/DuXNSytgIV0/hqdefault.jpg,2021-06-12 12:00:00,2021-06-12 12:00:00
19,NJo7OBnazak,ã€æ™©é…Œã€‘ğŸ‘ãŠé…’ã¨æ—¥æœ¬åœ°å›³ğŸ‘ã€æ¡ƒéˆ´ã­ã­/ãƒ›ãƒ­ãƒ©ã‚¤ãƒ–ã€‘,158766,2021-05-15 17:38:42,https://www.youtube.com/watch?v=NJo7OBnazak,http://img.youtube.com/vi/NJo7OBnazak/hqdefault.jpg,2021-06-12 12:00:00,2021-06-12 12:00:00
20,bBSQgd6YXcs,ã€Phasmophobiaã€‘ğŸ‘äºŒäººã¨ã‚‚ãƒ›ãƒ©ãƒ¼è‹¦æ‰‹ã§ã™ğŸ‘ã€æ¡ƒéˆ´ã­ã­/å°é³¥éŠã‚­ã‚¢ãƒ©/ #Oãƒ¬ãƒ³ã‚ºã€‘,145153,2021-05-14 13:40:32,https://www.youtube.com/watch?v=bBSQgd6YXcs,http://img.youtube.com/vi/bBSQgd6YXcs/hqdefault.jpg,2021-06-12 12:00:00,2021-06-12 12:00:00
21,0COyqGs-tUg,ã€TickTockã€‘ğŸ‘è¬è§£ãï¼ï¼Ÿã‚ã£ã¡ã‚ƒå¾—æ„ã ã‚ï¼ãªï¼ãƒ©ãƒŸã‚£ğŸ‘ã€æ¡ƒéˆ´ã­ã­/ é›ªèŠ±ãƒ©ãƒŸã‚£/ #ã¾ãŒã¾ãŒãƒ¼ãšã€‘,92763,2021-05-13 16:00:47,https://www.youtube.com/watch?v=0COyqGs-tUg,http://img.youtube.com/vi/0COyqGs-tUg/hqdefault.jpg,2021-06-12 12:00:00,2021-06-12 12:00:00
22,dypRMlONWog,ã€Short videoã€‘NENE PIZZA SONGã€æ¡ƒéˆ´ã­ã­/ãƒ›ãƒ­ãƒ©ã‚¤ãƒ–ã€‘,145131,2021-05-12 11:00:19,https://www.youtube.com/watch?v=dypRMlONWog,http://img.youtube.com/vi/dypRMlONWog/hqdefault.jpg,2021-06-12 12:00:00,2021-06-12 12:00:00
23,Rdq_MmOD3kg,ã€APEXã€‘ğŸ‘1MATCH 1000DAMAGE CHALLENGEğŸ‘ã€æ¡ƒéˆ´ã­ã­/ ãƒ›ãƒ­ãƒ©ã‚¤ãƒ–ã€‘,167799,2021-05-11 12:40:56,https://www.youtube.com/watch?v=Rdq_MmOD3kg,http://img.youtube.com/vi/Rdq_MmOD3kg/hqdefault.jpg,2021-06-12 12:00:00,2021-06-12 12:00:00
24,NPHp7zZ-a5I,ã€New ã‚¹ãƒ¼ãƒ‘ãƒ¼ãƒãƒªã‚ªãƒ–ãƒ©ã‚¶ãƒ¼ã‚º U ãƒ‡ãƒ©ãƒƒã‚¯ã‚¹ã€‘ğŸ‘è² ã‘ãªã„ğŸ‘ã€ãƒ›ãƒ­ãƒ©ã‚¤ãƒ–/æ¡ƒéˆ´ã­ã­ã€‘,132813,2021-05-10 14:06:51,https://www.youtube.com/watch?v=NPHp7zZ-a5I,http://img.youtube.com/vi/NPHp7zZ-a5I/hqdefault.jpg,2021-06-12 12:00:00,2021-06-12 12:00:00
25,gTYKcZ9k8zM,ã€æ˜¼é›‘ã€‘ğŸ‘ã­ã­ã®çµµğŸ‘ã€æ¡ƒéˆ´ã­ã­/ ãƒ›ãƒ­ãƒ©ã‚¤ãƒ–ã€‘,126697,2021-05-10 6:55:50,https://www.youtube.com/watch?v=gTYKcZ9k8zM,http://img.youtube.com/vi/gTYKcZ9k8zM/hqdefault.jpg,2021-06-12 12:00:00,2021-06-12 12:00:00
26,EX876SEjdn8,ã€Short videoã€‘çµ¶å¯¾ã«æ•ã¾ã‚‰ãªã„ã­ã­ã€æ¡ƒéˆ´ã­ã­/ãƒ›ãƒ­ãƒ©ã‚¤ãƒ–ã€‘,114409,2021-05-07 10:00:17,https://www.youtube.com/watch?v=EX876SEjdn8,http://img.youtube.com/vi/EX876SEjdn8/hqdefault.jpg,2021-06-12 12:00:00,2021-06-12 12:00:00
27,4PIJrSu5a2Q,ã€Duolingoã€‘ğŸ‘STADYYYYYYYYYYYY!!!!!!!#3ğŸ‘ã€æ¡ƒéˆ´ã­ã­/ ãƒ›ãƒ­ãƒ©ã‚¤ãƒ–ã€‘,158241,2021-05-04 7:06:59,https://www.youtube.com/watch?v=4PIJrSu5a2Q,http://img.youtube.com/vi/4PIJrSu5a2Q/hqdefault.jpg,2021-06-12 12:00:00,2021-06-12 12:00:00
28,2nVswGhONJI,ã€Short videoã€‘NENE HUSBANDS SONGã€æ¡ƒéˆ´ã­ã­/ãƒ›ãƒ­ãƒ©ã‚¤ãƒ–ã€‘,176121,2021-05-03 3:00:17,https://www.youtube.com/watch?v=2nVswGhONJI,http://img.youtube.com/vi/2nVswGhONJI/hqdefault.jpg,2021-06-12 12:00:00,2021-06-12 12:00:00
29,ziQJf-J65tg,ã€New ãƒã‚±ãƒ¢ãƒ³ã‚¹ãƒŠãƒƒãƒ—ã€‘ğŸ‘ã­ã­ã®ãƒ•ã‚§ãƒã€å…¨é–‹ğŸ‘ã€æ¡ƒéˆ´ã­ã­/ ãƒ›ãƒ­ãƒ©ã‚¤ãƒ–ã€‘,71864,2021-05-02 15:58:41,https://www.youtube.com/watch?v=ziQJf-J65tg,http://img.youtube.com/vi/ziQJf-J65tg/hqdefault.jpg,2021-06-12 12:00:00,2021-06-12 12:00:00
30,c9h_uHVppxc,ã€æ­Œç·´ã€‘ğŸ‘å¤œã®ã¾ã£ãŸã‚ŠSING INGğŸ‘ã€ãƒ›ãƒ­ãƒ©ã‚¤ãƒ–/æ¡ƒéˆ´ã­ã­ã€‘,129592,2021-05-01 16:31:46,https://www.youtube.com/watch?v=c9h_uHVppxc,http://img.youtube.com/vi/c9h_uHVppxc/hqdefault.jpg,2021-06-12 12:00:00,2021-06-12 12:00:00
31,MWeu_kf2L94,ã€Duolingoã€‘ğŸ‘STADYYYYYYYYYYYY!!!!!!!!! #ï¼’ğŸ‘ã€æ¡ƒéˆ´ã­ã­/ ãƒ›ãƒ­ãƒ©ã‚¤ãƒ–ã€‘,147296,2021-05-01 6:29:54,https://www.youtube.com/watch?v=MWeu_kf2L94,http://img.youtube.com/vi/MWeu_kf2L94/hqdefault.jpg,2021-06-12 12:00:00,2021-06-12 12:00:00
32,pbNIDT4AYuU,ã€Duolingoã€‘ğŸ‘STADYYYYYYYYYYYY!!!!!!!!!ğŸ‘ã€æ¡ƒéˆ´ã­ã­/ ãƒ›ãƒ­ãƒ©ã‚¤ãƒ–ã€‘,112104,2021-04-28 5:56:32,https://www.youtube.com/watch?v=pbNIDT4AYuU,http://img.youtube.com/vi/pbNIDT4AYuU/hqdefault.jpg,2021-06-12 12:00:00,2021-06-12 12:00:00
33,mqjJVzbnJhQ,ã€APEXã€‘ğŸ‘1MATCH 2KILL CHALLENGEğŸ‘ã€æ¡ƒéˆ´ã­ã­/ ãƒ›ãƒ­ãƒ©ã‚¤ãƒ–ã€‘,82126,2021-04-27 11:04:26,https://www.youtube.com/watch?v=mqjJVzbnJhQ,http://img.youtube.com/vi/mqjJVzbnJhQ/hqdefault.jpg,2021-06-12 12:00:00,2021-06-12 12:00:00
34,fBZ4w_rFAzg,ã€Minecraftã€‘ğŸ‘åŸã®ç´ æã¨é›‘è«‡ğŸ‘ã€æ¡ƒéˆ´ã­ã­/ ãƒ›ãƒ­ãƒ©ã‚¤ãƒ–ã€‘,205545,2021-04-26 13:41:40,https://www.youtube.com/watch?v=fBZ4w_rFAzg,http://img.youtube.com/vi/fBZ4w_rFAzg/hqdefault.jpg,2021-06-12 12:00:00,2021-06-12 12:00:00
35,5edGqtIaKrY,ã€Overcooked! 2ã€‘ğŸ‘ã¸ã„ã‚‰ã£ã—ã‚ƒã„ï¼ğŸ‘ã€æ¡ƒéˆ´ã­ã­ãƒ»å¤è‰²ã¾ã¤ã‚Š/ ãƒ›ãƒ­ãƒ©ã‚¤ãƒ–ã€‘,105985,2021-04-24 15:18:57,https://www.youtube.com/watch?v=5edGqtIaKrY,http://img.youtube.com/vi/5edGqtIaKrY/hqdefault.jpg,2021-06-12 12:00:00,2021-06-12 12:00:00
36,YxxCEvwrCcM,ã€æ­Œç·´ã€‘ğŸ‘LESSON SINGING TIMEğŸ‘ã€ãƒ›ãƒ­ãƒ©ã‚¤ãƒ–/æ¡ƒéˆ´ã­ã­ã€‘,151418,2021-04-23 6:10:36,https://www.youtube.com/watch?v=YxxCEvwrCcM,http://img.youtube.com/vi/YxxCEvwrCcM/hqdefault.jpg,2021-06-12 12:00:00,2021-06-12 12:00:00
37,rKMBrqzVAF4,ã€MONSTER HUNTER RISEã€‘ğŸ‘towawa neneneğŸ‘ã€æ¡ƒéˆ´ã­ã­/ ãƒ›ãƒ­ãƒ©ã‚¤ãƒ–ã€‘,171824,2021-04-21 13:03:49,https://www.youtube.com/watch?v=rKMBrqzVAF4,http://img.youtube.com/vi/rKMBrqzVAF4/hqdefault.jpg,2021-06-12 12:00:00,2021-06-12 12:00:00
38,_dlqG2xRxH8,ã€Minecraftã€‘ğŸ‘æ‚²ã—ã¿ã®ãƒã‚¤ã‚¯ãƒ©é…ä¿¡ğŸ‘ã€æ¡ƒéˆ´ã­ã­/ ãƒ›ãƒ­ãƒ©ã‚¤ãƒ–ã€‘,221111,2021-04-20 12:36:28,https://www.youtube.com/watch?v=_dlqG2xRxH8,http://img.youtube.com/vi/_dlqG2xRxH8/hqdefault.jpg,2021-06-12 12:00:00,2021-06-12 12:00:00
39,OHTpJoeRmA0,ã€èª­ã¿è¾¼ã¿è€ä¹…ã€‘ğŸ‘SUPERCHAT LOADINGæ ğŸ‘ã€æ¡ƒéˆ´ã­ã­/ ãƒ›ãƒ­ãƒ©ã‚¤ãƒ–ã€‘,106237,2021-04-19 12:22:05,https://www.youtube.com/watch?v=OHTpJoeRmA0,http://img.youtube.com/vi/OHTpJoeRmA0/hqdefault.jpg,2021-06-12 12:00:00,2021-06-12 12:00:00
40,IBJClD5PuxI,ã€æ˜¼é›‘ã€‘ğŸ‘ãŒã‚“ã°ã£ãŸã­ã­ã®æ˜¼é›‘è«‡ğŸ‘ã€æ¡ƒéˆ´ã­ã­/ ãƒ›ãƒ­ãƒ©ã‚¤ãƒ–ã€‘,115044,2021-04-19 4:29:59,https://www.youtube.com/watch?v=IBJClD5PuxI,http://img.youtube.com/vi/IBJClD5PuxI/hqdefault.jpg,2021-06-12 12:00:00,2021-06-12 12:00:00
41,YeUkeAq1Dqg,ã€ #æ¡ƒéˆ´ã­ã­3D ã€‘ğŸ‘æ¡ƒéˆ´ã­ã­3DãŠæŠ«éœ²ç›®ï¼ğŸ‘ã€ãƒ›ãƒ­ãƒ©ã‚¤ãƒ–/æ¡ƒéˆ´ã­ã­ã€‘,982883,2021-04-18 12:07:56,https://www.youtube.com/watch?v=YeUkeAq1Dqg,http://img.youtube.com/vi/YeUkeAq1Dqg/hqdefault.jpg,2021-06-12 12:00:00,2021-06-12 12:00:00
42,eV9OeYtNXs0,ã€MONSTER HUNTER RISEã€‘ğŸ‘å¼·ãã†é›†å›£ï¼ğŸ‘ã€ãƒ›ãƒ­ãƒ©ã‚¤ãƒ–/æ¡ƒéˆ´ã­ã­ã€‘,141283,2021-04-16 10:20:43,https://www.youtube.com/watch?v=eV9OeYtNXs0,http://img.youtube.com/vi/eV9OeYtNXs0/hqdefault.jpg,2021-06-12 12:00:00,2021-06-12 12:00:00
43,WZjMZC9pgoA,ã€æ˜¼é›‘ã€‘ğŸ‘ç­‹è‚‰ç—›ã¨å¯ä¸è¶³ğŸ‘ã€æ¡ƒéˆ´ã­ã­/ ãƒ›ãƒ­ãƒ©ã‚¤ãƒ–ã€‘,85478,2021-04-16 6:09:12,https://www.youtube.com/watch?v=WZjMZC9pgoA,http://img.youtube.com/vi/WZjMZC9pgoA/hqdefault.jpg,2021-06-12 12:00:00,2021-06-12 12:00:00
44,PWoxBXQcAFc,ã€MONSTER HUNTER RISEã€‘ğŸ‘è¦‹ãŸç›®ã ã‘ã®å¼·ã•â€¦ï¼ŸğŸ‘ã€ãƒ›ãƒ­ãƒ©ã‚¤ãƒ–/æ¡ƒéˆ´ã­ã­ã€‘,140509,2021-04-14 16:42:19,https://www.youtube.com/watch?v=PWoxBXQcAFc,http://img.youtube.com/vi/PWoxBXQcAFc/hqdefault.jpg,2021-06-12 12:00:00,2021-06-12 12:00:00
45,cSfuUNuKRRk,ã€MONSTER HUNTER RISEã€‘ğŸ‘HR3ã«ãªã‚‰ã‚“ã¨ã‚„ã°ã„ğŸ‘ã€ãƒ›ãƒ­ãƒ©ã‚¤ãƒ–/æ¡ƒéˆ´ã­ã­ã€‘,172950,2021-04-14 13:15:40,https://www.youtube.com/watch?v=cSfuUNuKRRk,http://img.youtube.com/vi/cSfuUNuKRRk/hqdefault.jpg,2021-06-12 12:00:00,2021-06-12 12:00:00
46,FAk27_YhGvc,ã€æ˜¼é›‘ã€‘ğŸ‘HAPPY GIRLã®æ˜¼é›‘è«‡ğŸ‘ã€æ¡ƒéˆ´ã­ã­/ ãƒ›ãƒ­ãƒ©ã‚¤ãƒ–ã€‘,100214,2021-04-14 6:11:50,https://www.youtube.com/watch?v=FAk27_YhGvc,http://img.youtube.com/vi/FAk27_YhGvc/hqdefault.jpg,2021-06-12 12:00:00,2021-06-12 12:00:00
47,QQajf_s4HjA,ã€æ­Œæ ã€‘ğŸ‘ã­ã­ã‹ã‚‰é‡å¤§ç™ºè¡¨ãŒã‚ã‚Šã¾ã™ğŸ‘ã€ãƒ›ãƒ­ãƒ©ã‚¤ãƒ–/æ¡ƒéˆ´ã­ã­ã€‘,250942,2021-04-13 12:08:32,https://www.youtube.com/watch?v=QQajf_s4HjA,http://img.youtube.com/vi/QQajf_s4HjA/hqdefault.jpg,2021-06-12 12:00:00,2021-06-12 12:00:00
48,avbKac24efo,ã€æ­Œã£ã¦ã¿ãŸã€‘ã†ã£ã›ã‡ã‚ã€Covered byæ¡ƒéˆ´ã­ã­ã€‘,425449,2021-04-13 10:45:12,https://www.youtube.com/watch?v=avbKac24efo,http://img.youtube.com/vi/avbKac24efo/hqdefault.jpg,2021-06-12 12:00:00,2021-06-12 12:00:00
49,1MoE-wV1QFA,ã€è¦ªå­ã‚³ãƒ©ãƒœã€‘ğŸ‘ãªã‚“ã§ã‚‚ã‚¢ãƒªã®å¯¾è«‡ğŸ‘ã€æ¡ƒéˆ´ã­ã­ãƒ»è¥¿æ²¢ï¼•ãƒŸãƒª/ ãƒ›ãƒ­ãƒ©ã‚¤ãƒ–ã€‘,127122,2021-04-12 12:14:36,https://www.youtube.com/watch?v=1MoE-wV1QFA,http://img.youtube.com/vi/1MoE-wV1QFA/hqdefault.jpg,2021-06-12 12:00:00,2021-06-12 12:00:00
50,hWyhvVcKGKY,ã€We Were Hereã€‘ğŸ‘ã¾ãŒã¾ãŒãï½ãšå†’é™ºãƒ„ã‚¢ãƒ¼â˜†ğŸ‘ã€æ¡ƒéˆ´ã­ã­ãƒ»é›ªèŠ±ãƒ©ãƒŸã‚£/ ãƒ›ãƒ­ãƒ©ã‚¤ãƒ–ã€‘,187874,2021-04-11 16:47:28,https://www.youtube.com/watch?v=hWyhvVcKGKY,http://img.youtube.com/vi/hWyhvVcKGKY/hqdefault.jpg,2021-06-12 12:00:00,2021-06-12 12:00:00
51,lWoJiROcLDc,ã€APEXã€‘ğŸ‘åˆã‚ã¦ã®ãƒ•ãƒ«ãƒ‘ï¼ğŸ‘ã€æ¡ƒéˆ´ã­ã­/ #OMANEã€‘,75312,2021-04-10 14:43:50,https://www.youtube.com/watch?v=lWoJiROcLDc,http://img.youtube.com/vi/lWoJiROcLDc/hqdefault.jpg,2021-06-12 12:00:00,2021-06-12 12:00:00
52,3A4ToX_M5FQ,ã€MONSTER HUNTER RISEã€‘ğŸ‘ã­ï¼ã‚¸ãƒ£ã‚¹ã‚¢ãƒ³ãƒˆã®ã¯å¼·ã„ğŸ‘ã€ãƒ›ãƒ­ãƒ©ã‚¤ãƒ–/æ¡ƒéˆ´ã­ã­ã€‘,115578,2021-04-10 6:19:17,https://www.youtube.com/watch?v=3A4ToX_M5FQ,http://img.youtube.com/vi/3A4ToX_M5FQ/hqdefault.jpg,2021-06-12 12:00:00,2021-06-12 12:00:00
53,lnjfObpdmrk,ã€MONSTER HUNTER RISEã€‘ğŸ‘ã­ï¼ã‚¸ãƒ£ã‚¹ã‚¢ãƒ³ãƒˆã®å†’é™ºğŸ‘ã€ãƒ›ãƒ­ãƒ©ã‚¤ãƒ–/æ¡ƒéˆ´ã­ã­ã€‘,124644,2021-04-07 12:17:52,https://www.youtube.com/watch?v=lnjfObpdmrk,http://img.youtube.com/vi/lnjfObpdmrk/hqdefault.jpg,2021-06-12 12:00:00,2021-06-12 12:00:00
54,_srGTGKgIvY,ã€MONSTER HUNTER RISEã€‘ğŸ‘FARST MONHANâ†é–“é•ãˆã¾ã—ãŸFIRST MON HUNâ†æ­£ã—ãã¯ã“ã£ã¡ğŸ‘ã€ãƒ›ãƒ­ãƒ©ã‚¤ãƒ–/æ¡ƒéˆ´ã­ã­ã€‘,222881,2021-04-05 14:33:22,https://www.youtube.com/watch?v=_srGTGKgIvY,http://img.youtube.com/vi/_srGTGKgIvY/hqdefault.jpg,2021-06-12 12:00:00,2021-06-12 12:00:00
55,8k7JJ6jiqe8,ã€Minecraftã€‘ğŸ‘BILLD CASTLE #3ğŸ‘ã€ãƒ›ãƒ­ãƒ©ã‚¤ãƒ–/æ¡ƒéˆ´ã­ã­ã€‘,132391,2021-04-03 17:44:36,https://www.youtube.com/watch?v=8k7JJ6jiqe8,http://img.youtube.com/vi/8k7JJ6jiqe8/hqdefault.jpg,2021-06-12 12:00:00,2021-06-12 12:00:00
56,BSll4NtQIu8,ã€APEXã€‘ğŸ‘1KILL CHALENGEğŸ‘ã€æ¡ƒéˆ´ã­ã­/ãƒ›ãƒ­ãƒ©ã‚¤ãƒ–ã€‘,98243,2021-04-02 12:11:55,https://www.youtube.com/watch?v=BSll4NtQIu8,http://img.youtube.com/vi/BSll4NtQIu8/hqdefault.jpg,2021-06-12 12:00:00,2021-06-12 12:00:00
57,zPow2ty78Yw,ã€Minecraftã€‘ğŸ‘BILLD CASTLE #2ğŸ‘ã€ãƒ›ãƒ­ãƒ©ã‚¤ãƒ–/æ¡ƒéˆ´ã­ã­ã€‘,130533,2021-03-31 16:20:17,https://www.youtube.com/watch?v=zPow2ty78Yw,http://img.youtube.com/vi/zPow2ty78Yw/hqdefault.jpg,2021-06-12 12:00:00,2021-06-12 12:00:00
58,QMRZXPRzKb0,ã€æ­Œæ ã€‘ğŸ‘SUPERSING!ğŸ‘ã€ãƒ›ãƒ­ãƒ©ã‚¤ãƒ–/æ¡ƒéˆ´ã­ã­ã€‘,149689,2021-03-29 16:37:27,https://www.youtube.com/watch?v=QMRZXPRzKb0,http://img.youtube.com/vi/QMRZXPRzKb0/hqdefault.jpg,2021-06-12 12:00:00,2021-06-12 12:00:00
59,9tqHkkeHY-0,ã€Stardew Valleyã€‘åˆè¦‹ã§ã™ï¼ãŠé¡˜ã„ã—ã¾ã™ï¼ã€ãƒ›ãƒ­ãƒ©ã‚¤ãƒ–/æ¡ƒéˆ´ã­ã­ã€‘,131555,2021-03-26 17:21:19,https://www.youtube.com/watch?v=9tqHkkeHY-0,http://img.youtube.com/vi/9tqHkkeHY-0/hqdefault.jpg,2021-06-12 12:00:00,2021-06-12 12:00:00
60,cxFY344c8Os,ã€ç©ºæ°—èª­ã¿ã€‚ï¼“ã€‘ğŸ‘äººç”Ÿç©ºæ°—èª­ã¿ã—ã¦ã‚‹ğŸ‘ã€ãƒ›ãƒ­ãƒ©ã‚¤ãƒ–/æ¡ƒéˆ´ã­ã­ã€‘,96850,2021-03-25 15:41:29,https://www.youtube.com/watch?v=cxFY344c8Os,http://img.youtube.com/vi/cxFY344c8Os/hqdefault.jpg,2021-06-12 12:00:00,2021-06-12 12:00:00
61,LYSufxVZXAQ,ã€ãŠçµµã‹ãã€‘ğŸ‘LETS DRAWINGğŸ‘ã€ãƒ›ãƒ­ãƒ©ã‚¤ãƒ–/æ¡ƒéˆ´ã­ã­ã€‘,124785,2021-03-23 14:08:00,https://www.youtube.com/watch?v=LYSufxVZXAQ,http://img.youtube.com/vi/LYSufxVZXAQ/hqdefault.jpg,2021-06-12 12:00:00,2021-06-12 12:00:00
62,vmYhBqG0v7Q,ã€ãƒã‚±ãƒ¢ãƒ³å‰£ç›¾ã€‘ğŸ‘ã­ã­ã®ãƒã‚±ãƒ¢ãƒ³4å›ç›®ï¼ğŸ‘ã€ãƒ›ãƒ­ãƒ©ã‚¤ãƒ–/æ¡ƒéˆ´ã­ã­ã€‘,62385,2021-03-21 15:20:51,https://www.youtube.com/watch?v=vmYhBqG0v7Q,http://img.youtube.com/vi/vmYhBqG0v7Q/hqdefault.jpg,2021-06-12 12:00:00,2021-06-12 12:00:00
63,wVnE6T0E3yg,ã€æ­Œæ ã€‘ğŸ‘SINGSINGSINGSING!!ğŸ‘ã€ãƒ›ãƒ­ãƒ©ã‚¤ãƒ–/æ¡ƒéˆ´ã­ã­ã€‘,107715,2021-03-20 16:18:12,https://www.youtube.com/watch?v=wVnE6T0E3yg,http://img.youtube.com/vi/wVnE6T0E3yg/hqdefault.jpg,2021-06-12 12:00:00,2021-06-12 12:00:00
64,dPmypkqAqcA,ã€ã‚°ãƒ«ãƒ¼ãƒ´ã‚³ãƒ¼ã‚¹ã‚¿ãƒ¼ã€‘ğŸ‘éŠã¶ãï¼ï¼ï¼ğŸ‘ã€ãƒ›ãƒ­ãƒ©ã‚¤ãƒ–/æ¡ƒéˆ´ã­ã­ã€‘,63920,2021-03-19 11:13:48,https://www.youtube.com/watch?v=dPmypkqAqcA,http://img.youtube.com/vi/dPmypkqAqcA/hqdefault.jpg,2021-06-12 12:00:00,2021-06-12 12:00:00
65,J-5I1kebOfU,ã€ãƒã‚±ãƒ¢ãƒ³å‰£ç›¾ã€‘ğŸ‘PIKAğŸ‘ã€ãƒ›ãƒ­ãƒ©ã‚¤ãƒ–/æ¡ƒéˆ´ã­ã­ã€‘,104854,2021-03-17 12:20:44,https://www.youtube.com/watch?v=J-5I1kebOfU,http://img.youtube.com/vi/J-5I1kebOfU/hqdefault.jpg,2021-06-12 12:00:00,2021-06-12 12:00:00
66,iEFnU417Buc,ã€Minecraftã€‘ğŸ‘ç–²ã‚ŒãŸã€åŸãŒæ¬²ã—ã„ğŸ‘ã€ãƒ›ãƒ­ãƒ©ã‚¤ãƒ–/æ¡ƒéˆ´ã­ã­ã€‘,84618,2021-03-16 11:54:21,https://www.youtube.com/watch?v=iEFnU417Buc,http://img.youtube.com/vi/iEFnU417Buc/hqdefault.jpg,2021-06-12 12:00:00,2021-06-12 12:00:00
67,28kE7LiAR6E,ã€ãƒã‚±ãƒ¢ãƒ³å‰£ç›¾ã€‘ğŸ‘é€²ã‚ï¼GO!ğŸ‘ã€ãƒ›ãƒ­ãƒ©ã‚¤ãƒ–/æ¡ƒéˆ´ã­ã­ã€‘,115921,2021-03-15 12:23:04,https://www.youtube.com/watch?v=28kE7LiAR6E,http://img.youtube.com/vi/28kE7LiAR6E/hqdefault.jpg,2021-06-12 12:00:00,2021-06-12 12:00:00
68,NRSLAAkeh9Y,ã€STADYã€‘ğŸ‘TEACH PLEASE #2ğŸ‘ã€ãƒ›ãƒ­ãƒ©ã‚¤ãƒ–/æ¡ƒéˆ´ã­ã­ã€‘,90218,2021-03-15 5:41:48,https://www.youtube.com/watch?v=NRSLAAkeh9Y,http://img.youtube.com/vi/NRSLAAkeh9Y/hqdefault.jpg,2021-06-12 12:00:00,2021-06-12 12:00:00
69,IM8DsbwJl3I,ã€Cooking Simulatorã€‘ğŸ‘ãƒ›ãƒ¯ã‚¤ãƒˆãƒ‡ãƒ¼ã ã‚ˆï¼ï¼ŸğŸ‘ã€ãƒ›ãƒ­ãƒ©ã‚¤ãƒ–/æ¡ƒéˆ´ã­ã­ã€‘,91395,2021-03-14 13:48:12,https://www.youtube.com/watch?v=IM8DsbwJl3I,http://img.youtube.com/vi/IM8DsbwJl3I/hqdefault.jpg,2021-06-12 12:00:00,2021-06-12 12:00:00
70,jQMdS0Jlql4,ã€ãŠçµµã‹ãã€‘ğŸ‘LETS DRAWINGğŸ‘ã€ãƒ›ãƒ­ãƒ©ã‚¤ãƒ–/æ¡ƒéˆ´ã­ã­ã€‘,143334,2021-03-12 6:33:26,https://www.youtube.com/watch?v=jQMdS0Jlql4,http://img.youtube.com/vi/jQMdS0Jlql4/hqdefault.jpg,2021-06-12 12:00:00,2021-06-12 12:00:00
71,11HJEOyV4QU,ã€New ã‚¹ãƒ¼ãƒ‘ãƒ¼ãƒãƒªã‚ªãƒ–ãƒ©ã‚¶ãƒ¼ã‚º U ãƒ‡ãƒ©ãƒƒã‚¯ã‚¹ã€‘ğŸ‘å‹ã¤ãğŸ‘ã€ãƒ›ãƒ­ãƒ©ã‚¤ãƒ–/æ¡ƒéˆ´ã­ã­ã€‘,114672,2021-03-09 13:01:06,https://www.youtube.com/watch?v=11HJEOyV4QU,http://img.youtube.com/vi/11HJEOyV4QU/hqdefault.jpg,2021-06-12 12:00:00,2021-06-12 12:00:00
72,judZi1eMWas,ã€æ­Œæ ã€‘ğŸ‘SINGğŸ‘ã€ãƒ›ãƒ­ãƒ©ã‚¤ãƒ–/æ¡ƒéˆ´ã­ã­ã€‘,144674,2021-03-08 11:17:26,https://www.youtube.com/watch?v=judZi1eMWas,http://img.youtube.com/vi/judZi1eMWas/hqdefault.jpg,2021-06-12 12:00:00,2021-06-12 12:00:00
73,JSAtuOuWmMw,ã€æ˜¼é›‘ã€‘ğŸ‘LUNCHğŸ‘ã€ãƒ›ãƒ­ãƒ©ã‚¤ãƒ–/æ¡ƒéˆ´ã­ã­ã€‘,80835,2021-03-08 5:33:51,https://www.youtube.com/watch?v=JSAtuOuWmMw,http://img.youtube.com/vi/JSAtuOuWmMw/hqdefault.jpg,2021-06-12 12:00:00,2021-06-12 12:00:00
74,7OaiQTo9N20,ã€ãƒã‚±ãƒ¢ãƒ³å‰£ç›¾ã€‘I CANT WAIT!!!!!!!!!!!! ã€ãƒ›ãƒ­ãƒ©ã‚¤ãƒ–/æ¡ƒéˆ´ã­ã­ã€‘,115304,2021-03-06 10:45:23,https://www.youtube.com/watch?v=7OaiQTo9N20,http://img.youtube.com/vi/7OaiQTo9N20/hqdefault.jpg,2021-06-12 12:00:00,2021-06-12 12:00:00
75,WAgAYhemm1I,ã€Minecraftã€‘I WAS GO DANCE LESSONã€ãƒ›ãƒ­ãƒ©ã‚¤ãƒ–/æ¡ƒéˆ´ã­ã­ã€‘,135469,2021-03-04 14:33:40,https://www.youtube.com/watch?v=WAgAYhemm1I,http://img.youtube.com/vi/WAgAYhemm1I/hqdefault.jpg,2021-06-12 12:00:00,2021-06-12 12:00:00
76,O6imGMAbqS4,ã€ãŠç¤¼ï¼†é›‘è«‡ã€‘ğŸ‘SUPERCHAT READINGğŸ‘ã€ãƒ›ãƒ­ãƒ©ã‚¤ãƒ–/æ¡ƒéˆ´ã­ã­ã€‘,65415,2021-03-03 17:28:38,https://www.youtube.com/watch?v=O6imGMAbqS4,http://img.youtube.com/vi/O6imGMAbqS4/hqdefault.jpg,2021-06-12 12:00:00,2021-06-12 12:00:00
77,LzDYVX5VpEs,ã€1st singleã€‘ğŸ‘ã­ã­ã­ã­ã­ã­ã­ã­ï¼å¤§çˆ†èµ°ğŸ‘ç™ºå£²COUNTDOWNï¼ã€æ¡ƒéˆ´ã­ã­/ãƒ›ãƒ­ãƒ©ã‚¤ãƒ–ã€‘,101776,2021-03-02 15:15:11,https://www.youtube.com/watch?v=LzDYVX5VpEs,http://img.youtube.com/vi/LzDYVX5VpEs/hqdefault.jpg,2021-06-12 12:00:00,2021-06-12 12:00:00
78,DhT754K7fLE,ã€é‡å¤§ç™ºè¡¨ã‚ã‚Šï¼ã€‘â™ªHAPPYBIRTHDAY TO NENECHIâ™ªï¼—thLIVEğŸ‘ã€æ¡ƒéˆ´ã­ã­/ãƒ›ãƒ­ãƒ©ã‚¤ãƒ–ã€‘,244581,2021-03-02 12:05:37,https://www.youtube.com/watch?v=DhT754K7fLE,http://img.youtube.com/vi/DhT754K7fLE/hqdefault.jpg,2021-06-12 12:00:00,2021-06-12 12:00:00
79,N6kbh4kNHKo,ã€æ™©é…Œâ‰ã€‘ğŸ‘HAPPYBIRTHDAY COUNTDOWNğŸ‘ã€ãƒ›ãƒ­ãƒ©ã‚¤ãƒ–/æ¡ƒéˆ´ã­ã­ã€‘,115345,2021-03-01 15:27:26,https://www.youtube.com/watch?v=N6kbh4kNHKo,http://img.youtube.com/vi/N6kbh4kNHKo/hqdefault.jpg,2021-06-12 12:00:00,2021-06-12 12:00:00
80,RtT_XZTTUuY,ã€è¦–è´è€…å‚åŠ å‹APEXã€‘ğŸ‘Letâ€™s play together!ğŸ‘ã€æ¡ƒéˆ´ã­ã­/ãƒ›ãƒ­ãƒ©ã‚¤ãƒ–ã€‘,114350,2021-02-28 16:21:17,https://www.youtube.com/watch?v=RtT_XZTTUuY,http://img.youtube.com/vi/RtT_XZTTUuY/hqdefault.jpg,2021-06-12 12:00:00,2021-06-12 12:00:00
81,eXQvoeKbPXo,ã€ã¤ãã®ã²ã€‘HAï¼Ÿï¼Ÿï¼Ÿï¼Ÿï¼Ÿï¼Ÿï¼Ÿï¼Ÿã€ãƒ›ãƒ­ãƒ©ã‚¤ãƒ–/æ¡ƒéˆ´ã­ã­ã€‘,121556,2021-02-26 13:52:44,https://www.youtube.com/watch?v=eXQvoeKbPXo,http://img.youtube.com/vi/eXQvoeKbPXo/hqdefault.jpg,2021-06-12 12:00:00,2021-06-12 12:00:00
82,_BqDWHzripE,ã€Minecraftã€‘IM SO GREATã€ãƒ›ãƒ­ãƒ©ã‚¤ãƒ–/æ¡ƒéˆ´ã­ã­ã€‘,251762,2021-02-24 7:11:51,https://www.youtube.com/watch?v=_BqDWHzripE,http://img.youtube.com/vi/_BqDWHzripE/hqdefault.jpg,2021-06-12 12:00:00,2021-06-12 12:00:00
83,efcesf8hq68,ã€ãŠç¤¼ï¼†é›‘è«‡ã€‘stay up lateã€ãƒ›ãƒ­ãƒ©ã‚¤ãƒ–/æ¡ƒéˆ´ã­ã­ã€‘,87209,2021-02-19 16:07:52,https://www.youtube.com/watch?v=efcesf8hq68,http://img.youtube.com/vi/efcesf8hq68/hqdefault.jpg,2021-06-12 12:00:00,2021-06-12 12:00:00
84,yXz5peiyn1I,ã€New ã‚¹ãƒ¼ãƒ‘ãƒ¼ãƒãƒªã‚ªãƒ–ãƒ©ã‚¶ãƒ¼ã‚º U ãƒ‡ãƒ©ãƒƒã‚¯ã‚¹ã€‘é€ƒã’ã‚‹ãªï¼ã€ãƒ›ãƒ­ãƒ©ã‚¤ãƒ–/æ¡ƒéˆ´ã­ã­ã€‘,109759,2021-02-18 12:38:36,https://www.youtube.com/watch?v=yXz5peiyn1I,http://img.youtube.com/vi/yXz5peiyn1I/hqdefault.jpg,2021-06-12 12:00:00,2021-06-12 12:00:00
85,NPqY2Yr_vdo,ã€é›‘è«‡æ­Œæ ã€‘ä»Šæ—¥ã‚‚ãƒœã‚¤ãƒˆãƒ¬ï¼ã€æ¡ƒéˆ´ã­ã­/ãƒ›ãƒ­ãƒ©ã‚¤ãƒ–ã€‘,95437,2021-02-12 14:25:29,https://www.youtube.com/watch?v=NPqY2Yr_vdo,http://img.youtube.com/vi/NPqY2Yr_vdo/hqdefault.jpg,2021-06-12 12:00:00,2021-06-12 12:00:00
86,JLhFWpCuIg4,ã€APEXã€‘ğŸ‘1KILL CHALLENGEğŸ‘ã€æ¡ƒéˆ´ã­ã­/ãƒ›ãƒ­ãƒ©ã‚¤ãƒ–ã€‘,112254,2021-02-10 11:24:15,https://www.youtube.com/watch?v=JLhFWpCuIg4,http://img.youtube.com/vi/JLhFWpCuIg4/hqdefault.jpg,2021-06-12 12:00:00,2021-06-12 12:00:00
87,XmyHd8YFDkw,ã€æ˜¼é›‘ã€‘ç‚­é…¸ã§ãŠè…¹ã„ã£ã±ã„ã«ã™ã‚‹ã‚¿ã‚¤ãƒ—ã€æ¡ƒéˆ´ã­ã­/ãƒ›ãƒ­ãƒ©ã‚¤ãƒ–ã€‘,127923,2021-02-10 6:20:48,https://www.youtube.com/watch?v=XmyHd8YFDkw,http://img.youtube.com/vi/XmyHd8YFDkw/hqdefault.jpg,2021-06-12 12:00:00,2021-06-12 12:00:00
88,GJsYspe2200,ã€Minecraftã€‘COWï¼ï¼ï¼ï¼ï¼COW!!!!!!!!!!!!!ã€ãƒ›ãƒ­ãƒ©ã‚¤ãƒ–/æ¡ƒéˆ´ã­ã­ã€‘,208587,2021-02-09 15:53:56,https://www.youtube.com/watch?v=GJsYspe2200,http://img.youtube.com/vi/GJsYspe2200/hqdefault.jpg,2021-06-12 12:00:00,2021-06-12 12:00:00
89,64WWD83tdiI,ã€Cooking Simulatorã€‘TODAY IS SWEEEEEEETã€ãƒ›ãƒ­ãƒ©ã‚¤ãƒ–/æ¡ƒéˆ´ã­ã­ã€‘,205752,2021-02-08 14:56:50,https://www.youtube.com/watch?v=64WWD83tdiI,http://img.youtube.com/vi/64WWD83tdiI/hqdefault.jpg,2021-06-12 12:00:00,2021-06-12 12:00:00
90,v50FB1hYqT0,ã€æ­Œæ ã€‘VERY VERY SINGINGã€æ¡ƒéˆ´ã­ã­/ãƒ›ãƒ­ãƒ©ã‚¤ãƒ–ã€‘,234284,2021-02-06 14:51:27,https://www.youtube.com/watch?v=v50FB1hYqT0,http://img.youtube.com/vi/v50FB1hYqT0/hqdefault.jpg,2021-06-12 12:00:00,2021-06-12 12:00:00
91,zsD1Bd4jdbY,ã€New ã‚¹ãƒ¼ãƒ‘ãƒ¼ãƒãƒªã‚ªãƒ–ãƒ©ã‚¶ãƒ¼ã‚º U ãƒ‡ãƒ©ãƒƒã‚¯ã‚¹ã€‘2é¢ã‚¯ãƒªã‚¢ã€ãƒ›ãƒ­ãƒ©ã‚¤ãƒ–/æ¡ƒéˆ´ã­ã­ã€‘,160437,2021-02-05 16:08:10,https://www.youtube.com/watch?v=zsD1Bd4jdbY,http://img.youtube.com/vi/zsD1Bd4jdbY/hqdefault.jpg,2021-06-12 12:00:00,2021-06-12 12:00:00
92,NrSphoyXkMQ,ã€#ã«ã˜ãƒ›ãƒ­ã‚ã‚‚ã‚ã™ã€‘ã¯ã˜ã‚ã¾ã—ã¦æ¡ƒéˆ´ã­ã­ã§ã™ğŸ‘ã€ãƒ›ãƒ­ãƒ©ã‚¤ãƒ–/æ¡ƒéˆ´ã­ã­ã€‘,260314,2021-02-04 14:16:31,https://www.youtube.com/watch?v=NrSphoyXkMQ,http://img.youtube.com/vi/NrSphoyXkMQ/hqdefault.jpg,2021-06-12 12:00:00,2021-06-12 12:00:00
93,lmAfQcIEHek,ã€Minecraftã€‘é‡‘åº«ã‚’ä½œã‚ŠãŸã„ï¼ã€ãƒ›ãƒ­ãƒ©ã‚¤ãƒ–/æ¡ƒéˆ´ã­ã­ã€‘,220818,2021-02-03 14:07:56,https://www.youtube.com/watch?v=lmAfQcIEHek,http://img.youtube.com/vi/lmAfQcIEHek/hqdefault.jpg,2021-06-12 12:00:00,2021-06-12 12:00:00
94,1W65CSYsYmw,ã€æ˜¼é›‘ã€‘TEACH PLEASEã€æ¡ƒéˆ´ã­ã­/ãƒ›ãƒ­ãƒ©ã‚¤ãƒ–ã€‘,202493,2021-02-03 5:56:28,https://www.youtube.com/watch?v=1W65CSYsYmw,http://img.youtube.com/vi/1W65CSYsYmw/hqdefault.jpg,2021-06-12 12:00:00,2021-06-12 12:00:00
95,nz-QXPL-9i8,ã€Planet Coasterã€‘NENECHILANDã‚’ä½œã‚Šã¾ã™ã€ ãƒ›ãƒ­ãƒ©ã‚¤ãƒ–/æ¡ƒéˆ´ã­ã­ã€‘,185620,2021-02-02 12:44:02,https://www.youtube.com/watch?v=nz-QXPL-9i8,http://img.youtube.com/vi/nz-QXPL-9i8/hqdefault.jpg,2021-06-12 12:00:00,2021-06-12 12:00:00
96,dXLDXlVZ7l0,ã€New ã‚¹ãƒ¼ãƒ‘ãƒ¼ãƒãƒªã‚ªãƒ–ãƒ©ã‚¶ãƒ¼ã‚º U ãƒ‡ãƒ©ãƒƒã‚¯ã‚¹ã€‘æœªçŸ¥æ•°ã™ãã‚‹ã€ãƒ›ãƒ­ãƒ©ã‚¤ãƒ–/æ¡ƒéˆ´ã­ã­ã€‘,194146,2021-02-01 15:22:28,https://www.youtube.com/watch?v=dXLDXlVZ7l0,http://img.youtube.com/vi/dXLDXlVZ7l0/hqdefault.jpg,2021-06-12 12:00:00,2021-06-12 12:00:00
97,oSrcIh-_4VE,ã€ãŠç¤¼æ ã€‘ã¿ã‚“ãªã»ã‚“ã¨ã«ã‚ã‚ŠãŒã¨ã†ğŸ‘ã€æ¡ƒéˆ´ã­ã­/ãƒ›ãƒ­ãƒ©ã‚¤ãƒ–ã€‘,290547,2021-01-31 17:26:20,https://www.youtube.com/watch?v=oSrcIh-_4VE,http://img.youtube.com/vi/oSrcIh-_4VE/hqdefault.jpg,2021-06-12 12:00:00,2021-06-12 12:00:00
98,kKqcQADSoIM,ã€æ­Œã£ã¦ã¿ãŸã€‘ç§ã€ã‚¢ã‚¤ãƒ‰ãƒ«å®£è¨€ã€ãƒ›ãƒ­ãƒ©ã‚¤ãƒ–/æ¡ƒéˆ´ã­ã­(cover)ã€‘,671190,2021-01-31 12:30:14,https://www.youtube.com/watch?v=kKqcQADSoIM,http://img.youtube.com/vi/kKqcQADSoIM/hqdefault.jpg,2021-06-12 12:00:00,2021-06-12 12:00:00
99,VMLjEUYLSy0,ã€ #æ¡ƒéˆ´ã­ã­æ–°ãƒ“ã‚¸ãƒ¥ã‚¢ãƒ«ã€‘NEW SUPERNENECHIã€æ¡ƒéˆ´ã­ã­/ãƒ›ãƒ­ãƒ©ã‚¤ãƒ–ã€‘,720807,2021-01-31 12:06:35,https://www.youtube.com/watch?v=VMLjEUYLSy0,http://img.youtube.com/vi/VMLjEUYLSy0/hqdefault.jpg,2021-06-12 12:00:00,2021-06-12 12:00:00
100,1H8yN9bLg98,ã€MEGA39sã€‘ãƒŸã‚¯ã¡ã‚ƒã‚“ã§ãƒŸã‚¯ã¡ã‚ƒã‚“ã—ã¦ã„ããŸã„ã¨æ€ã„ã¾ã™ã€ ãƒ›ãƒ­ãƒ©ã‚¤ãƒ–/æ¡ƒéˆ´ã­ã­ã€‘,182885,2021-01-29 12:27:48,https://www.youtube.com/watch?v=1H8yN9bLg98,http://img.youtube.com/vi/1H8yN9bLg98/hqdefault.jpg,2021-06-12 12:00:00,2021-06-12 12:00:00
101,qJmJmgQuXtM,ã€ãŠçµµæãã€‘æ™‚é–“ãŒã­ãˆï¼ï¼ï¼ï¼ã€æ¡ƒéˆ´ã­ã­/ãƒ›ãƒ­ãƒ©ã‚¤ãƒ–ã€‘,192504,2021-01-27 11:44:12,https://www.youtube.com/watch?v=qJmJmgQuXtM,http://img.youtube.com/vi/qJmJmgQuXtM/hqdefault.jpg,2021-06-12 12:00:00,2021-06-12 12:00:00
102,FT-CVr-dsXQ,ã€Minecraftã€‘ãŠã„ãŠã„ã€ã­ã­ãŒãã®ç—›ã¿ã‚’ä»£ã‚ã‚Šã«è² ãˆãªã„ã‹ï¼Ÿã€ #ã¾ãŒã¾ãŒãƒ¼ãšã€‘,255949,2021-01-26 20:15:31,https://www.youtube.com/watch?v=FT-CVr-dsXQ,http://img.youtube.com/vi/FT-CVr-dsXQ/hqdefault.jpg,2021-06-12 12:00:00,2021-06-12 12:00:00
103,VLVtogssPwY,ã€#AKUKINæœ¬ç¤¾å»ºè¨­ãƒªãƒ¬ãƒ¼ã€‘SENSEã€ ãƒ›ãƒ­ãƒ©ã‚¤ãƒ–/æ¡ƒéˆ´ã­ã­ã€‘,233059,2021-01-25 14:19:56,https://www.youtube.com/watch?v=VLVtogssPwY,http://img.youtube.com/vi/VLVtogssPwY/hqdefault.jpg,2021-06-12 12:00:00,2021-06-12 12:00:00
104,C3Eto24LFxo,ã€æ˜¼é›‘ã€‘ã‚ã¨ä¸€é€±é–“ã§æº–å‚™ã—ãªã„ã¨ã€æ¡ƒéˆ´ã­ã­/ãƒ›ãƒ­ãƒ©ã‚¤ãƒ–ã€‘,138274,2021-01-25 5:49:08,https://www.youtube.com/watch?v=C3Eto24LFxo,http://img.youtube.com/vi/C3Eto24LFxo/hqdefault.jpg,2021-06-12 12:00:00,2021-06-12 12:00:00
105,g_wsfBY9dKU,ã€ãƒ¢ãƒ¼ãƒªãƒ¼ã‚ªãƒ³ãƒ©ã‚¤ãƒ³ã€‘GO...GO...!!!!ã€ ãƒ›ãƒ­ãƒ©ã‚¤ãƒ–/æ¡ƒéˆ´ã­ã­ã€‘,104667,2021-01-23 15:36:29,https://www.youtube.com/watch?v=g_wsfBY9dKU,http://img.youtube.com/vi/g_wsfBY9dKU/hqdefault.jpg,2021-06-12 12:00:00,2021-06-12 12:00:00
106,c86iUSEONmE,ã€ã‚´ãƒƒãƒ‰ãƒ•ã‚£ãƒ¼ãƒ«ãƒ‰ã€‘äºŒäººã§ã¿ã‚“ãªã‚’ãƒœã‚³ã™ã€ãƒ›ãƒ­ãƒ©ã‚¤ãƒ–/ #ã­ã­ã½ã‚‹ã€‘,129418,2021-01-22 11:56:07,https://www.youtube.com/watch?v=c86iUSEONmE,http://img.youtube.com/vi/c86iUSEONmE/hqdefault.jpg,2021-06-12 12:00:00,2021-06-12 12:00:00
107,LzWED7O8Bjg,ã€æ˜¼é›‘ã€‘ã¡ã‚‡ã£ã¨èã„ã¦ã»ã—ã„ã€æ¡ƒéˆ´ã­ã­/ãƒ›ãƒ­ãƒ©ã‚¤ãƒ–ã€‘,86403,2021-01-22 5:18:58,https://www.youtube.com/watch?v=LzWED7O8Bjg,http://img.youtube.com/vi/LzWED7O8Bjg/hqdefault.jpg,2021-06-12 12:00:00,2021-06-12 12:00:00
108,Rxo4p4xKExo,ã€Cooking Simulatorã€‘ã‚­ãƒƒãƒãƒ³çµŒé¨“ã‚‚ã‚ã‚Šã¾ã™ã€ãƒ›ãƒ­ãƒ©ã‚¤ãƒ–/æ¡ƒéˆ´ã­ã­ã€‘,118771,2021-01-21 12:28:53,https://www.youtube.com/watch?v=Rxo4p4xKExo,http://img.youtube.com/vi/Rxo4p4xKExo/hqdefault.jpg,2021-06-12 12:00:00,2021-06-12 12:00:00
109,dNQUf7U6B3A,ã€Minecraftã€‘ã­ã­ã®é£Ÿã¹ç‰©ï¼ï¼ï¼ï¼ï¼ï¼ï¼ï¼ã€ ãƒ›ãƒ­ãƒ©ã‚¤ãƒ–/æ¡ƒéˆ´ã­ã­ã€‘,182018,2021-01-20 6:44:43,https://www.youtube.com/watch?v=dNQUf7U6B3A,http://img.youtube.com/vi/dNQUf7U6B3A/hqdefault.jpg,2021-06-12 12:00:00,2021-06-12 12:00:00
110,OD8tFhA83EU,ã€é›‘è«‡æ­Œæ ã€‘2021å¹´ä¸€æ®µã¨ãƒ†ãƒ³ã‚·ãƒ§ãƒ³é«˜ã‚ã®å…ˆç”Ÿã€æ¡ƒéˆ´ã­ã­/ãƒ›ãƒ­ãƒ©ã‚¤ãƒ–ã€‘,79791,2021-01-19 15:49:23,https://www.youtube.com/watch?v=OD8tFhA83EU,http://img.youtube.com/vi/OD8tFhA83EU/hqdefault.jpg,2021-06-12 12:00:00,2021-06-12 12:00:00
111,SrVn2NKmwtw,ã€ãƒ¢ãƒ¼ãƒªãƒ¼ã‚ªãƒ³ãƒ©ã‚¤ãƒ³ã€‘GET...GETâ€¦ï¼ï¼ï¼ã€ ãƒ›ãƒ­ãƒ©ã‚¤ãƒ–/æ¡ƒéˆ´ã­ã­ã€‘,117941,2021-01-18 11:09:10,https://www.youtube.com/watch?v=SrVn2NKmwtw,http://img.youtube.com/vi/SrVn2NKmwtw/hqdefault.jpg,2021-06-12 12:00:00,2021-06-12 12:00:00
112,vbT2OGs9CDs,ã€æ˜¼é›‘ã€‘ã­ã­ã¡ã®æ˜¼ã­ã­ã¡ã€æ¡ƒéˆ´ã­ã­/ãƒ›ãƒ­ãƒ©ã‚¤ãƒ–ã€‘,108557,2021-01-18 5:55:29,https://www.youtube.com/watch?v=vbT2OGs9CDs,http://img.youtube.com/vi/vbT2OGs9CDs/hqdefault.jpg,2021-06-12 12:00:00,2021-06-12 12:00:00
113,p-ZVi6DPwLc,ã€æ˜¼é›‘ã€‘ãˆã¸ã¸ã¸ã¸ã¸ã€è©±ãã†ãï¼ã€æ¡ƒéˆ´ã­ã­/ãƒ›ãƒ­ãƒ©ã‚¤ãƒ–ã€‘,106896,2021-01-16 4:42:37,https://www.youtube.com/watch?v=p-ZVi6DPwLc,http://img.youtube.com/vi/p-ZVi6DPwLc/hqdefault.jpg,2021-06-12 12:00:00,2021-06-12 12:00:00
114,s7mNQcnCnKw,ã€#ãƒ›ãƒ­ãŠæ­£æœˆCUPã€‘å‹ã¤ã‚ã‚ˆï½ï½ï½ï½ï¼ï¼ï¾Œï¾ï½µï½µï½«ï½«ï½«ï½µï¾ï¼ï¼ï¼ã€æ¡ƒéˆ´ã­ã­è¦–ç‚¹ã€‘,126489,2021-01-11 12:41:39,https://www.youtube.com/watch?v=s7mNQcnCnKw,http://img.youtube.com/vi/s7mNQcnCnKw/hqdefault.jpg,2021-06-12 12:00:00,2021-06-12 12:00:00
115,Htv57U7Y4x4,ã€ãƒãƒªã‚ªã‚«ãƒ¼ãƒˆ8DXã€‘ã­ãˆã€ã³ã£ãã‚Šã™ã‚‹ã»ã©å¼·ããªã£ãŸã€ãƒ›ãƒ­ãƒ©ã‚¤ãƒ–/æ¡ƒéˆ´ã­ã­ã€‘,109215,2021-01-09 3:19:11,https://www.youtube.com/watch?v=Htv57U7Y4x4,http://img.youtube.com/vi/Htv57U7Y4x4/hqdefault.jpg,2021-06-12 12:00:00,2021-06-12 12:00:00
116,n8j6d6Zxv3M,ã€ãƒãƒªã‚ªã‚«ãƒ¼ãƒˆ8DXã€‘å‹ã£ãŸãªã€ãƒ›ãƒ­ãƒ©ã‚¤ãƒ–/æ¡ƒéˆ´ã­ã­ã€‘,88273,2021-01-08 12:20:52,https://www.youtube.com/watch?v=n8j6d6Zxv3M,http://img.youtube.com/vi/n8j6d6Zxv3M/hqdefault.jpg,2021-06-12 12:00:00,2021-06-12 12:00:00
117,dOhCA_ObsVs,ã€Pummel Partyã€‘å‹æƒ…ï¼Ÿï¼Ÿå£Šã‚Œã‚‹ã‚ã‘ãªã„ã˜ã‚ƒãƒ¼ãƒ¼ã‚“ï¼ã€ #ã‹ãªã¨ã‚ã­ã­ã‚‰ã¿ã€‘,147672,2021-01-06 12:12:39,https://www.youtube.com/watch?v=dOhCA_ObsVs,http://img.youtube.com/vi/dOhCA_ObsVs/hqdefault.jpg,2021-06-12 12:00:00,2021-06-12 12:00:00
118,DKvfWVYPTdM,ã€æ­Œç·´ã€‘æ–°å¹´åˆå£°å‡ºã—ï¼ã€æ¡ƒéˆ´ã­ã­/ãƒ›ãƒ­ãƒ©ã‚¤ãƒ–ã€‘,92197,2021-01-06 4:25:31,https://www.youtube.com/watch?v=DKvfWVYPTdM,http://img.youtube.com/vi/DKvfWVYPTdM/hqdefault.jpg,2021-06-12 12:00:00,2021-06-12 12:00:00
119,EonTR07UjXQ,ã€Minecraftã€‘æ–°ã—ã„ã¾ãŒã¾ãŒã£ã¦ãƒ›ãƒ³ãƒˆï¼ï¼Ÿã€æ¡ƒéˆ´ã­ã­/ é›ªèŠ±ãƒ©ãƒŸã‚£ã€‘,149014,2021-01-03 8:42:29,https://www.youtube.com/watch?v=EonTR07UjXQ,http://img.youtube.com/vi/EonTR07UjXQ/hqdefault.jpg,2021-06-12 12:00:00,2021-06-12 12:00:00
120,2dODcM458Bg,ã€æ˜¼é›‘ã€‘ãŠã¯ã‚ˆã†2021ï¼ï¼ï¼ï¼ï¼ï¼ã€æ¡ƒéˆ´ã­ã­/ãƒ›ãƒ­ãƒ©ã‚¤ãƒ–ã€‘,259080,2021-01-01 3:33:37,https://www.youtube.com/watch?v=2dODcM458Bg,http://img.youtube.com/vi/2dODcM458Bg/hqdefault.jpg,2021-06-12 12:00:00,2021-06-12 12:00:00
121,Qpc_weDK73Q,ã€æ˜¼é›‘ã€‘ã­ã­ã®2020å¹´ï¼ã€æ¡ƒéˆ´ã­ã­/ãƒ›ãƒ­ãƒ©ã‚¤ãƒ–ã€‘,84242,2020-12-31 6:08:36,https://www.youtube.com/watch?v=Qpc_weDK73Q,http://img.youtube.com/vi/Qpc_weDK73Q/hqdefault.jpg,2021-06-12 12:00:00,2021-06-12 12:00:00
122,22rt5Xnte6k,ã€ã‚´ãƒƒãƒ‰ãƒ•ã‚£ãƒ¼ãƒ«ãƒ‰ã€‘ä»Šæ—¥ã¯ã­ã€è¦‹ãˆãŸã­å‹ã¡ãŒâœ¨ã€ãƒ›ãƒ­ãƒ©ã‚¤ãƒ–/ #ã­ã½ã‚‰ã¼ã€‘,244802,2020-12-30 15:38:27,https://www.youtube.com/watch?v=22rt5Xnte6k,http://img.youtube.com/vi/22rt5Xnte6k/hqdefault.jpg,2021-06-12 12:00:00,2021-06-12 12:00:00
123,YAteDkfyuKA,ã€APEXã€‘âœ¨ï¼‘MATCHï¼’KILL CHALLENGEâœ¨ã€æ¡ƒéˆ´ã­ã­/ãƒ›ãƒ­ãƒ©ã‚¤ãƒ–ã€‘,101562,2020-12-28 15:32:32,https://www.youtube.com/watch?v=YAteDkfyuKA,http://img.youtube.com/vi/YAteDkfyuKA/hqdefault.jpg,2021-06-12 12:00:00,2021-06-12 12:00:00
124,bjJ7VBI7xR4,ã€Minecraftã€‘ã•ãã€ä»Šå®µã¯ENDã¸ã¨å‘ã‹ã†ãã‚ˆâ˜†ã€æ¡ƒéˆ´ã­ã­/ é›ªèŠ±ãƒ©ãƒŸã‚£ã€‘,158007,2020-12-27 19:31:49,https://www.youtube.com/watch?v=bjJ7VBI7xR4,http://img.youtube.com/vi/bjJ7VBI7xR4/hqdefault.jpg,2021-06-12 12:00:00,2021-06-12 12:00:00
125,0L19LAlXeZI,ã€ #ãƒ›ãƒ­ãƒ©ã‚¤ãƒ–ã‚¯ãƒªã‚¹ãƒã‚¹ã€‘ã‚ã®æ›²ã‚‚â€¦ï¼ï¼Ÿæ­Œæ ãƒªãƒ¬ãƒ¼ï¼ã€æ¡ƒéˆ´ã­ã­/ãƒ›ãƒ­ãƒ©ã‚¤ãƒ–ã€‘,116389,2020-12-25 14:33:14,https://www.youtube.com/watch?v=0L19LAlXeZI,http://img.youtube.com/vi/0L19LAlXeZI/hqdefault.jpg,2021-06-12 12:00:00,2021-06-12 12:00:00
126,Lgo-v6TjQp4,ã€Minecraftã€‘ã­ã­ã‚‰ã¿åŒå±…ã€ä¸­äºŒç—…ãƒã‚¦ã‚¹ã€æ¡ƒéˆ´ã­ã­/ é›ªèŠ±ãƒ©ãƒŸã‚£ã€‘,71885,2020-12-25 2:03:28,https://www.youtube.com/watch?v=Lgo-v6TjQp4,http://img.youtube.com/vi/Lgo-v6TjQp4/hqdefault.jpg,2021-06-12 12:00:00,2021-06-12 12:00:00
127,jZPPn3RfmzI,ã€Minecraftã€‘ğŸ’‹WELCOME INAğŸ’‹ãƒãƒ«ã‚«ã¨ä¸€ç·’ã«ï¼ã€æ¡ƒéˆ´ã­ã­/ å°¾ä¸¸ãƒãƒ«ã‚«/Ninomae Ina'nisã€‘,107882,2020-12-24 1:11:25,https://www.youtube.com/watch?v=jZPPn3RfmzI,http://img.youtube.com/vi/jZPPn3RfmzI/hqdefault.jpg,2021-06-12 12:00:00,2021-06-12 12:00:00
128,BrjCcOrL6No,ã€é›‘è«‡æ­Œæ ã€‘èº«æŒ¯ã‚Šæ‰‹æŒ¯ã‚ŠãŒå¤§ãã„å…ˆç”Ÿã€æ¡ƒéˆ´ã­ã­/ãƒ›ãƒ­ãƒ©ã‚¤ãƒ–ã€‘,92914,2020-12-23 12:17:51,https://www.youtube.com/watch?v=BrjCcOrL6No,http://img.youtube.com/vi/BrjCcOrL6No/hqdefault.jpg,2021-06-12 12:00:00,2021-06-12 12:00:00
129,EbiyTSnJoxM,ã€Minecraftã€‘ãƒ©ã‚¤ãƒ–ã¨ãƒ€ã‚¤ãƒ¤ã£ã¦ä¼¼ã¦ã‚‹ã‚ˆã­ã€æ¡ƒéˆ´ã­ã­/ ãƒ›ãƒ­ãƒ©ã‚¤ãƒ–ã€‘,124457,2020-12-21 8:10:21,https://www.youtube.com/watch?v=EbiyTSnJoxM,http://img.youtube.com/vi/EbiyTSnJoxM/hqdefault.jpg,2021-06-12 12:00:00,2021-06-12 12:00:00
130,2tc5q8amAzY,ã€æ˜¼é›‘è«‡ã€‘æœèµ·ãã‚Œãªã„ç—…ã€æ¡ƒéˆ´ã­ã­/ãƒ›ãƒ­ãƒ©ã‚¤ãƒ–ã€‘,49378,2020-12-21 4:01:38,https://www.youtube.com/watch?v=2tc5q8amAzY,http://img.youtube.com/vi/2tc5q8amAzY/hqdefault.jpg,2021-06-12 12:00:00,2021-06-12 12:00:00
131,C9Wsz4iTzjY,ã€ã‚†ã‚‹ã‚†ã‚‹å‹•ç”»ã€‘â™ªLET'S TRY ABC SONGâ™ªã€ãƒ›ãƒ­ãƒ©ã‚¤ãƒ–/æ¡ƒéˆ´ã­ã­ã€‘,38376,2020-12-20 14:00:14,https://www.youtube.com/watch?v=C9Wsz4iTzjY,http://img.youtube.com/vi/C9Wsz4iTzjY/hqdefault.jpg,2021-06-12 12:00:00,2021-06-12 12:00:00
132,6oq14kABxT8,ã€APEXã€‘å‰å›1æ™‚é–“åŠã‹ã‹ã‚Šã¾ã—ãŸã€‚ã€æ¡ƒéˆ´ã­ã­/ãƒ›ãƒ­ãƒ©ã‚¤ãƒ–ã€‘,81319,2020-12-20 7:23:58,https://www.youtube.com/watch?v=6oq14kABxT8,http://img.youtube.com/vi/6oq14kABxT8/hqdefault.jpg,2021-06-12 12:00:00,2021-06-12 12:00:00
133,blsdI_jtgnA,ã€ãƒãƒªã‚ªã‚«ãƒ¼ãƒˆ8DXã€‘ãƒ‰ãƒ™ã¯ã‚„ã ã€‚ã€ãƒ›ãƒ­ãƒ©ã‚¤ãƒ–/æ¡ƒéˆ´ã­ã­ã€‘,54572,2020-12-19 13:34:26,https://www.youtube.com/watch?v=blsdI_jtgnA,http://img.youtube.com/vi/blsdI_jtgnA/hqdefault.jpg,2021-06-12 12:00:00,2021-06-12 12:00:00
134,pkHxymJGsIQ,ã€é›‘è«‡æ­Œæ ã€‘ä»Šæ—¥ã‚‚ãƒœã‚¤ãƒˆãƒ¬ã®å…ˆç”Ÿã¯å…ƒæ°—ã€æ¡ƒéˆ´ã­ã­/ãƒ›ãƒ­ãƒ©ã‚¤ãƒ–ã€‘,92247,2020-12-17 13:54:29,https://www.youtube.com/watch?v=pkHxymJGsIQ,http://img.youtube.com/vi/pkHxymJGsIQ/hqdefault.jpg,2021-06-12 12:00:00,2021-06-12 12:00:00
135,QE5cmcJQMZY,ã€Minecraftã€‘æ˜¼ã®ãƒã‚¤ã‚¯ãƒ©ï¼ã€æ¡ƒéˆ´ã­ã­/ ãƒ›ãƒ­ãƒ©ã‚¤ãƒ–ã€‘,101342,2020-12-16 5:31:44,https://www.youtube.com/watch?v=QE5cmcJQMZY,http://img.youtube.com/vi/QE5cmcJQMZY/hqdefault.jpg,2021-06-12 12:00:00,2021-06-12 12:00:00
136,uZwLPnDPvJc,ã€ç‰¹å…¸ä¼šã€‘SUPERCHATTHXï¼ï¼ï¼ã€æ¡ƒéˆ´ã­ã­/ãƒ›ãƒ­ãƒ©ã‚¤ãƒ–ã€‘,37692,2020-12-14 4:43:49,https://www.youtube.com/watch?v=uZwLPnDPvJc,http://img.youtube.com/vi/uZwLPnDPvJc/hqdefault.jpg,2021-06-12 12:00:00,2021-06-12 12:00:00
137,RPYlZMSGNbY,ã€Minecraftã€‘ãƒ€ã‚¤ãƒ¤ã‚’è‡ªåŠ›ã§ã‚²ãƒƒãƒˆã—ãŸã„ã€æ¡ƒéˆ´ã­ã­/ ãƒ›ãƒ­ãƒ©ã‚¤ãƒ–ã€‘,89085,2020-12-13 6:11:32,https://www.youtube.com/watch?v=RPYlZMSGNbY,http://img.youtube.com/vi/RPYlZMSGNbY/hqdefault.jpg,2021-06-12 12:00:00,2021-06-12 12:00:00
138,XUxOpBuC9mM,ã€ãƒ—ãƒ­ã‚»ã‚«ã€‘éŸ³ã‚²ãƒ¼ã€å¤§å¥½ãã€æ¡ƒéˆ´ã­ã­/ ãƒ›ãƒ­ãƒ©ã‚¤ãƒ–ã€‘,107707,2020-12-12 14:31:25,https://www.youtube.com/watch?v=XUxOpBuC9mM,http://img.youtube.com/vi/XUxOpBuC9mM/hqdefault.jpg,2021-06-12 12:00:00,2021-06-12 12:00:00
139,cB_dFGqR-_4,ã€Minecraftã€‘NENENDã€æ¡ƒéˆ´ã­ã­/ #ã­ã½ã‚‰ã¼ ã€‘,133898,2020-12-11 17:42:16,https://www.youtube.com/watch?v=cB_dFGqR-_4,http://img.youtube.com/vi/cB_dFGqR-_4/hqdefault.jpg,2021-06-12 12:00:00,2021-06-12 12:00:00
140,wbGSvTbCqm8,ã€APEXã€‘ä¹…ã—ã¶ã‚Š1ã‚­ãƒ«ãƒãƒ£ãƒ¬ãƒ³ã‚¸ã€æ¡ƒéˆ´ã­ã­/ãƒ›ãƒ­ãƒ©ã‚¤ãƒ–ã€‘,90823,2020-12-11 6:59:53,https://www.youtube.com/watch?v=wbGSvTbCqm8,http://img.youtube.com/vi/wbGSvTbCqm8/hqdefault.jpg,2021-06-12 12:00:00,2021-06-12 12:00:00
141,a5MEan7Il1Q,ã€æ˜¼é›‘è«‡ã€‘ã­ã­ã®ã²ã‚‹ã­ã­ã€æ¡ƒéˆ´ã­ã­/ãƒ›ãƒ­ãƒ©ã‚¤ãƒ–ã€‘,59085,2020-12-11 4:29:34,https://www.youtube.com/watch?v=a5MEan7Il1Q,http://img.youtube.com/vi/a5MEan7Il1Q/hqdefault.jpg,2021-06-12 12:00:00,2021-06-12 12:00:00
142,GV0QZ73ZDq8,ã€ãŠçµµã‹ãã€‘DRAWINGï¼ï¼ã€æ¡ƒéˆ´ã­ã­/ãƒ›ãƒ­ãƒ©ã‚¤ãƒ–ã€‘,78100,2020-12-10 11:34:59,https://www.youtube.com/watch?v=GV0QZ73ZDq8,http://img.youtube.com/vi/GV0QZ73ZDq8/hqdefault.jpg,2021-06-12 12:00:00,2021-06-12 12:00:00
143,N1UvIhPGrPc,ã€ã‚†ã‚‹ã‚†ã‚‹å‹•ç”»ã€‘HAAAAAAAAANã€ãƒ›ãƒ­ãƒ©ã‚¤ãƒ–/æ¡ƒéˆ´ã­ã­ã€‘,68434,2020-12-09 16:00:11,https://www.youtube.com/watch?v=N1UvIhPGrPc,http://img.youtube.com/vi/N1UvIhPGrPc/hqdefault.jpg,2021-06-12 12:00:00,2021-06-12 12:00:00
144,JlljaASirgk,ã€æ­Œæ ã€‘SINGINGNENENENE~â™ªã€æ¡ƒéˆ´ã­ã­/ãƒ›ãƒ­ãƒ©ã‚¤ãƒ–ã€‘,106751,2020-12-08 14:58:09,https://www.youtube.com/watch?v=JlljaASirgk,http://img.youtube.com/vi/JlljaASirgk/hqdefault.jpg,2021-06-12 12:00:00,2021-06-12 12:00:00
145,0BVUj_M_HfU,ã€æ¡ƒå¤ªéƒé›»é‰„ã€‘ã­ã½ã‚‰ã¼æ¡ƒé‰„ï¼ï¼ï¼ã€ #ã­ã½ã‚‰ã¼ /ãƒ›ãƒ­ãƒ©ã‚¤ãƒ–ã€‘,353541,2020-12-07 15:57:06,https://www.youtube.com/watch?v=0BVUj_M_HfU,http://img.youtube.com/vi/0BVUj_M_HfU/hqdefault.jpg,2021-06-12 12:00:00,2021-06-12 12:00:00
146,VfjEVeduYjw,ã€é›‘è«‡ã€‘ã­ã­ã¯é£Ÿã¹ã¾ã™ï¼ï¼ã€æ¡ƒéˆ´ã­ã­/ãƒ›ãƒ­ãƒ©ã‚¤ãƒ–ã€‘,83240,2020-12-07 5:32:49,https://www.youtube.com/watch?v=VfjEVeduYjw,http://img.youtube.com/vi/VfjEVeduYjw/hqdefault.jpg,2021-06-12 12:00:00,2021-06-12 12:00:00
147,qkJ0wjclbNM,ã€ã¿ã‚“ãªã®ãƒªã‚ºãƒ å¤©å›½ã€‘é›£ã—ããªã£ã¦ãã¦ã‚‚ã‚ã’ãªã„ï¼ã€æ¡ƒéˆ´ã­ã­/ãƒ›ãƒ­ãƒ©ã‚¤ãƒ–ã€‘,119187,2020-12-06 22:51:24,https://www.youtube.com/watch?v=qkJ0wjclbNM,http://img.youtube.com/vi/qkJ0wjclbNM/hqdefault.jpg,2021-06-12 12:00:00,2021-06-12 12:00:00
148,jlB2y_3h18g,ã€ã‚†ã‚‹ã‚†ã‚‹å‹•ç”»ã€‘Nn~~~PA!ã€æ¡ƒéˆ´ã­ã­/ãƒ›ãƒ­ãƒ©ã‚¤ãƒ–ã€‘,59766,2020-12-05 15:00:12,https://www.youtube.com/watch?v=jlB2y_3h18g,http://img.youtube.com/vi/jlB2y_3h18g/hqdefault.jpg,2021-06-12 12:00:00,2021-06-12 12:00:00
149,_n-ML3_b0-0,ã€LITTLE FRIENDSã€‘MAYUGEã¨ã­ã­ã®é›‘è«‡ã€æ¡ƒéˆ´ã­ã­/ãƒ›ãƒ­ãƒ©ã‚¤ãƒ–ã€‘,86913,2020-12-04 5:20:39,https://www.youtube.com/watch?v=_n-ML3_b0-0,http://img.youtube.com/vi/_n-ML3_b0-0/hqdefault.jpg,2021-06-12 12:00:00,2021-06-12 12:00:00
150,kiua0CTgBD0,ã€ã‚†ã‚‹ã‚†ã‚‹å‹•ç”»ã€‘NENENE~NENENE~â™ªã€æ¡ƒéˆ´ã­ã­/ãƒ›ãƒ­ãƒ©ã‚¤ãƒ–ã€‘,90058,2020-12-03 16:00:15,https://www.youtube.com/watch?v=kiua0CTgBD0,http://img.youtube.com/vi/kiua0CTgBD0/hqdefault.jpg,2021-06-12 12:00:00,2021-06-12 12:00:00
151,tK0-tUN1Wy8,ã€Good Job!ã€‘PERFECT JOOOOBã€æ¡ƒéˆ´ã­ã­/ãƒ›ãƒ­ãƒ©ã‚¤ãƒ–ã€‘,79019,2020-12-03 13:13:40,https://www.youtube.com/watch?v=tK0-tUN1Wy8,http://img.youtube.com/vi/tK0-tUN1Wy8/hqdefault.jpg,2021-06-12 12:00:00,2021-06-12 12:00:00
152,6TRTQXI_U7w,ã€ é›‘è«‡ï¼‹æ­Œ ã€‘ä»Šæ—¥ã¯è¤’ã‚ã‚‰ã‚ŒãŸã‚“ã ã£ã¦ã•ï¼ï¼ï¼ã€æ¡ƒéˆ´ã­ã­/ãƒ›ãƒ­ãƒ©ã‚¤ãƒ–ã€‘,110458,2020-12-02 14:36:52,https://www.youtube.com/watch?v=6TRTQXI_U7w,http://img.youtube.com/vi/6TRTQXI_U7w/hqdefault.jpg,2021-06-12 12:00:00,2021-06-12 12:00:00
153,lUy2DGUuPlw,ã€Minecraftã€‘ã‚²ãƒªãƒ©ãƒã‚¤ã‚¯ãƒ©ï¼çœ ããªã‚‹ã¾ã§ï¼ã€æ¡ƒéˆ´ã­ã­/ãƒ›ãƒ­ãƒ©ã‚¤ãƒ–ã€‘,125998,2020-12-01 17:32:43,https://www.youtube.com/watch?v=lUy2DGUuPlw,http://img.youtube.com/vi/lUy2DGUuPlw/hqdefault.jpg,2021-06-12 12:00:00,2021-06-12 12:00:00
154,BSX0bSZrB_k,ã€Minecraftã€‘é›‘è«‡ãƒã‚¤ã‚¯ãƒ©ã€æ¡ƒéˆ´ã­ã­/ãƒ›ãƒ­ãƒ©ã‚¤ãƒ–ã€‘,77974,2020-12-01 11:56:13,https://www.youtube.com/watch?v=BSX0bSZrB_k,http://img.youtube.com/vi/BSX0bSZrB_k/hqdefault.jpg,2021-06-12 12:00:00,2021-06-12 12:00:00
155,AuRFmkRVyvM,ã€ æ­Œæ  ã€‘5thLIVEãƒªãƒ™ãƒ³ã‚¸ï¼ï¼ï¼ï¼ï¼ã€æ¡ƒéˆ´ã­ã­/ãƒ›ãƒ­ãƒ©ã‚¤ãƒ–ã€‘,106248,2020-11-28 14:29:46,https://www.youtube.com/watch?v=AuRFmkRVyvM,http://img.youtube.com/vi/AuRFmkRVyvM/hqdefault.jpg,2021-06-12 12:00:00,2021-06-12 12:00:00
156,XqPzmmcR5KM,ã€Gang Beastsã€‘ã‚¬ãƒãƒ³ã‚³ã­ã½ã‚‰ã¼æ®´ã‚Šåˆã„ï¼ã€ #ã­ã½ã‚‰ã¼/ãŠçŸ¥ã‚‰ã›ã‚ã‚Šï¼ï¼ï¼ã€‘,221974,2020-11-27 13:11:37,https://www.youtube.com/watch?v=XqPzmmcR5KM,http://img.youtube.com/vi/XqPzmmcR5KM/hqdefault.jpg,2021-06-12 12:00:00,2021-06-12 12:00:00
157,KDAMmScf3kY,ã€Cooking Simulatorã€‘å¤œã”ã¯ã‚“ã€ä½œã£ã¦ã‚ã’ã‚‹ï¼ã€æ¡ƒéˆ´ã­ã­/ãƒ›ãƒ­ãƒ©ã‚¤ãƒ–ã€‘,75495,2020-11-26 10:10:36,https://www.youtube.com/watch?v=KDAMmScf3kY,http://img.youtube.com/vi/KDAMmScf3kY/hqdefault.jpg,2021-06-12 12:00:00,2021-06-12 12:00:00
158,Nb7dpMwHLI4,ã€ã¿ã‚“ãªã®ãƒªã‚ºãƒ å¤©å›½ã€‘ç£¨ãZEâ˜†ãƒªã‚ºãƒ ãƒƒãƒƒã€æ¡ƒéˆ´ã­ã­/ãƒ›ãƒ­ãƒ©ã‚¤ãƒ–ã€‘,125158,2020-11-25 12:17:05,https://www.youtube.com/watch?v=Nb7dpMwHLI4,http://img.youtube.com/vi/Nb7dpMwHLI4/hqdefault.jpg,2021-06-12 12:00:00,2021-06-12 12:00:00
159,bcW4myaOmF0,ã€LITTLE FRIENDSã€‘å­è‚²ã¦ã™ã‚‹ãï½(*'Ï‰'*)ã€æ¡ƒéˆ´ã­ã­/ãƒ›ãƒ­ãƒ©ã‚¤ãƒ–ã€‘,87890,2020-11-25 4:51:45,https://www.youtube.com/watch?v=bcW4myaOmF0,http://img.youtube.com/vi/bcW4myaOmF0/hqdefault.jpg,2021-06-12 12:00:00,2021-06-12 12:00:00
160,z_kTDf0I5yE,ã€æ™©é…Œã€‘ã¾ã£ãŸã‚Šèªã£ã¡ã‚ƒç‹ã€æ¡ƒéˆ´ã­ã­/ãƒ›ãƒ­ãƒ©ã‚¤ãƒ–ã€‘,90471,2020-11-24 16:02:49,https://www.youtube.com/watch?v=z_kTDf0I5yE,http://img.youtube.com/vi/z_kTDf0I5yE/hqdefault.jpg,2021-06-12 12:00:00,2021-06-12 12:00:00
161,_L9tiOd8A4c,ã€é›‘è«‡ã€‘ä»Šæ—¥ã¯é¢¨ãŒæ³£ã„ã¦ã„ã¾ã™ã­ï¼ã€æ¡ƒéˆ´ã­ã­/ãƒ›ãƒ­ãƒ©ã‚¤ãƒ–ã€‘,78616,2020-11-20 5:09:06,https://www.youtube.com/watch?v=_L9tiOd8A4c,http://img.youtube.com/vi/_L9tiOd8A4c/hqdefault.jpg,2021-06-12 12:00:00,2021-06-12 12:00:00
162,xHWeKp_j73c,ã€Human: Fall Flatã€‘ãƒ’ãƒ¥ãƒ¼ãƒãƒ³ãƒ©ãƒŸã‚£ãƒ•ãƒ©ãƒƒãƒˆã€æ¡ƒéˆ´ã­ã­/é›ªèŠ±ãƒ©ãƒŸã‚£ã€‘,68386,2020-11-19 14:31:12,https://www.youtube.com/watch?v=xHWeKp_j73c,http://img.youtube.com/vi/xHWeKp_j73c/hqdefault.jpg,2021-06-12 12:00:00,2021-06-12 12:00:00
163,eQoHM52_0DI,ã€Minecraftã€‘å®Œå…¨ã«è¿·å­ã€æ¡ƒéˆ´ã­ã­/ãƒ›ãƒ­ãƒ©ã‚¤ãƒ–ã€‘,93081,2020-11-19 7:59:08,https://www.youtube.com/watch?v=eQoHM52_0DI,http://img.youtube.com/vi/eQoHM52_0DI/hqdefault.jpg,2021-06-12 12:00:00,2021-06-12 12:00:00
164,Jdpr7uGA3LM,ã€ 30ä¸‡äººã‚ã‚ŠãŒã¨ã†âœ¨ ã€‘5thLIVEã€æ¡ƒéˆ´ã­ã­/ãƒ›ãƒ­ãƒ©ã‚¤ãƒ–ã€‘,116929,2020-11-18 12:03:03,https://www.youtube.com/watch?v=Jdpr7uGA3LM,http://img.youtube.com/vi/Jdpr7uGA3LM/hqdefault.jpg,2021-06-12 12:00:00,2021-06-12 12:00:00
165,urRV3jib9cE,ã€é›‘è«‡ã€‘å¯’ã„ï¼ï¼Ÿï¼ï¼Ÿï¼ï¼Ÿå¯’ã„ã€‚ã€æ¡ƒéˆ´ã­ã­/ãƒ›ãƒ­ãƒ©ã‚¤ãƒ–ã€‘,84947,2020-11-18 5:47:22,https://www.youtube.com/watch?v=urRV3jib9cE,http://img.youtube.com/vi/urRV3jib9cE/hqdefault.jpg,2021-06-12 12:00:00,2021-06-12 12:00:00
166,q5gTt9io9Ho,ã€ #å®‡å®™ãƒ›ãƒ­äººç‹¼ ã€‘ğŸ‘3äººã«ãªã£ãŸã‚‰ã‚¨ãƒãƒ¼ã‚¸ã‚§ãƒ³ã‚·ãƒ¼ğŸ‘ã€æ¡ƒéˆ´ã­ã­è¦–ç‚¹ã€‘,114469,2020-11-15 14:53:42,https://www.youtube.com/watch?v=q5gTt9io9Ho,http://img.youtube.com/vi/q5gTt9io9Ho/hqdefault.jpg,2021-06-12 12:00:00,2021-06-12 12:00:00
167,U3a1ITYoIAw,ã€Minecraftã€‘ã­ã­ã®éƒ¨å±‹ï¼ã€æ¡ƒéˆ´ã­ã­/ãƒ›ãƒ­ãƒ©ã‚¤ãƒ–ã€‘,130938,2020-11-14 16:09:14,https://www.youtube.com/watch?v=U3a1ITYoIAw,http://img.youtube.com/vi/U3a1ITYoIAw/hqdefault.jpg,2021-06-12 12:00:00,2021-06-12 12:00:00
168,xcVetOqe4bE,ã€é›‘è«‡ã€‘å†¬ã«è² ã‘ã‚‹ãªï¼ã€æ¡ƒéˆ´ã­ã­/ãƒ›ãƒ­ãƒ©ã‚¤ãƒ–ã€‘,42919,2020-11-13 4:07:12,https://www.youtube.com/watch?v=xcVetOqe4bE,http://img.youtube.com/vi/xcVetOqe4bE/hqdefault.jpg,2021-06-12 12:00:00,2021-06-12 12:00:00
169,2-f0wpNNzuU,ã€ãƒ‘ã‚¹ãƒ‘ãƒ«ãƒˆã‚¥ãƒ¼ã€‘ã©ã£ã¡ãŒæœ‰åç”»å®¶ã«ãªã‚‹ã®ã§ã—ã‚‡ã†ã‹ï¼Ÿã€æ¡ƒéˆ´ã­ã­/å°¾ä¸¸ãƒãƒ«ã‚«ã€‘,108869,2020-11-11 11:38:59,https://www.youtube.com/watch?v=2-f0wpNNzuU,http://img.youtube.com/vi/2-f0wpNNzuU/hqdefault.jpg,2021-06-12 12:00:00,2021-06-12 12:00:00
170,j2k94LYJJUQ,ã€é›‘è«‡ã€‘ãƒãƒƒã‚­ãƒ¼ã®æ—¥ï¼ã€æ¡ƒéˆ´ã­ã­/ãƒ›ãƒ­ãƒ©ã‚¤ãƒ–ã€‘,62835,2020-11-11 5:19:41,https://www.youtube.com/watch?v=j2k94LYJJUQ,http://img.youtube.com/vi/j2k94LYJJUQ/hqdefault.jpg,2021-06-12 12:00:00,2021-06-12 12:00:00
171,92118089XqM,ã€Minecraftã€‘å¤§å†’é™ºè¡Œãããƒƒãƒƒãƒƒï¼ï¼ï¼ã€æ¡ƒéˆ´ã­ã­/å¤è‰²ã¾ã¤ã‚Šã€‘,81738,2020-11-10 11:52:55,https://www.youtube.com/watch?v=92118089XqM,http://img.youtube.com/vi/92118089XqM/hqdefault.jpg,2021-06-12 12:00:00,2021-06-12 12:00:00
172,e3n6GZgjLt0,ã€ #ãƒ›ãƒ­å›½éš›AmongUs ã€‘âœ¨The word impossible is not in my dictionaryâœ¨ã€æ¡ƒéˆ´ã­ã­è¦–ç‚¹ã€‘,125360,2020-11-09 15:17:48,https://www.youtube.com/watch?v=e3n6GZgjLt0,http://img.youtube.com/vi/e3n6GZgjLt0/hqdefault.jpg,2021-06-12 12:00:00,2021-06-12 12:00:00
173,8eRpyDZmKI0,ã€é›‘è«‡ã€‘æ—©å¯é€±é–“ã«ã—ãŸã„ï¼ã€ãƒ›ãƒ­ãƒ©ã‚¤ãƒ–/æ¡ƒéˆ´ã­ã­ã€‘,78241,2020-11-09 5:22:48,https://www.youtube.com/watch?v=8eRpyDZmKI0,http://img.youtube.com/vi/8eRpyDZmKI0/hqdefault.jpg,2021-06-12 12:00:00,2021-06-12 12:00:00
174,r1uwGB4gL4I,ã€ãƒãƒªã‚ªã‚«ãƒ¼ãƒˆ8DXã€‘ã‚„ã£ã±ã‚³ãƒ³ãƒˆãƒ­ãƒ¼ãƒ©ãƒ¼ã ã‚ã€ãƒ›ãƒ­ãƒ©ã‚¤ãƒ–/æ¡ƒéˆ´ã­ã­ã€‘,80253,2020-11-08 11:06:45,https://www.youtube.com/watch?v=r1uwGB4gL4I,http://img.youtube.com/vi/r1uwGB4gL4I/hqdefault.jpg,2021-06-12 12:00:00,2021-06-12 12:00:00
175,0nO45Syuh8c,ã€phasmophobiaã€‘ã—ã—ã‚ã‚“ã¯ãƒ›ãƒ©ã‚²ã˜ã‚ƒãªã„ã£ã¦ã‚†ã£ã¦ãŸã€ãƒ›ãƒ­ãƒ©ã‚¤ãƒ–/æ¡ƒéˆ´ã­ã­ã€‘,122679,2020-11-07 14:17:28,https://www.youtube.com/watch?v=0nO45Syuh8c,http://img.youtube.com/vi/0nO45Syuh8c/hqdefault.jpg,2021-06-12 12:00:00,2021-06-12 12:00:00
176,O2-iWMavVBQ,ã€Minecraftã€‘ã„ããï¼ï¼è£…é£¾ç­ï¼ï¼ã€ãƒ›ãƒ­ãƒ©ã‚¤ãƒ–/æ¡ƒéˆ´ã­ã­ã€‘,142408,2020-11-06 17:12:39,https://www.youtube.com/watch?v=O2-iWMavVBQ,http://img.youtube.com/vi/O2-iWMavVBQ/hqdefault.jpg,2021-06-12 12:00:00,2021-06-12 12:00:00
177,LxTtoiHWpg4,ã€é›‘è«‡ã€‘ã³ã£ãã‚Šã™ã‚‹ã»ã©çœ ã‚Œãªã„ã€ãƒ›ãƒ­ãƒ©ã‚¤ãƒ–/æ¡ƒéˆ´ã­ã­ã€‘,74070,2020-11-06 5:06:45,https://www.youtube.com/watch?v=LxTtoiHWpg4,http://img.youtube.com/vi/LxTtoiHWpg4/hqdefault.jpg,2021-06-12 12:00:00,2021-06-12 12:00:00
178,Yy6YlpfBYuc,ã€ARKã€‘æç«œã‚­ãƒ³ã‚°ã«ã­ã­ã¯ãªã‚ŠãŸã„ã€ãƒ›ãƒ­ãƒ©ã‚¤ãƒ–/æ¡ƒéˆ´ã­ã­ã€‘,82577,2020-11-04 16:40:57,https://www.youtube.com/watch?v=Yy6YlpfBYuc,http://img.youtube.com/vi/Yy6YlpfBYuc/hqdefault.jpg,2021-06-12 12:00:00,2021-06-12 12:00:00
179,JTevvoRnoZE,ã€é›‘è«‡ã€‘ã‚³ãƒ¼ãƒ³ãƒã‚¿ãƒ¼ã‚¸ãƒ¥ã¨ã­ã­ã€ãƒ›ãƒ­ãƒ©ã‚¤ãƒ–/æ¡ƒéˆ´ã­ã­ã€‘,65351,2020-11-04 5:12:19,https://www.youtube.com/watch?v=JTevvoRnoZE,http://img.youtube.com/vi/JTevvoRnoZE/hqdefault.jpg,2021-06-12 12:00:00,2021-06-12 12:00:00
180,XjKVCORLBjI,ã€Minecraftã€‘ãƒãƒƒã‚­ãƒ¼ã®æ—¥ã¿ãŸã„ãªæ—¥ã€ãƒ›ãƒ­ãƒ©ã‚¤ãƒ–/æ¡ƒéˆ´ã­ã­ã€‘,112482,2020-11-01 16:00:30,https://www.youtube.com/watch?v=XjKVCORLBjI,http://img.youtube.com/vi/XjKVCORLBjI/hqdefault.jpg,2021-06-12 12:00:00,2021-06-12 12:00:00
181,69vsPfwz-PE,ã€æ­Œæ ã€‘âœ¨Halloweenã«æ­Œã†ã­ã­âœ¨ã€æ¡ƒéˆ´ã­ã­/ãƒ›ãƒ­ãƒ©ã‚¤ãƒ–ã€‘,110220,2020-10-31 15:23:16,https://www.youtube.com/watch?v=69vsPfwz-PE,http://img.youtube.com/vi/69vsPfwz-PE/hqdefault.jpg,2021-06-12 12:00:00,2021-06-12 12:00:00
182,MjciAwxSKtg,ã€Minecraftã€‘ã‹ã¼ã¡ã‚ƒã®è¢«ã‚Šç‰©ã€ãƒ›ãƒ­ãƒ©ã‚¤ãƒ–/æ¡ƒéˆ´ã­ã­ã€‘,133462,2020-10-30 12:37:39,https://www.youtube.com/watch?v=MjciAwxSKtg,http://img.youtube.com/vi/MjciAwxSKtg/hqdefault.jpg,2021-06-12 12:00:00,2021-06-12 12:00:00
183,V_oa8fjWN04,ã€é›‘è«‡ã€‘Happy Halloweenã€ãƒ›ãƒ­ãƒ©ã‚¤ãƒ–/æ¡ƒéˆ´ã­ã­ã€‘,69384,2020-10-30 4:33:20,https://www.youtube.com/watch?v=V_oa8fjWN04,http://img.youtube.com/vi/V_oa8fjWN04/hqdefault.jpg,2021-06-12 12:00:00,2021-06-12 12:00:00
184,zydnV07IES8,ã€AmongUsã€‘I'm not very good at English.ã€ãƒ›ãƒ­ãƒ©ã‚¤ãƒ–/æ¡ƒéˆ´ã­ã­ã€‘,93089,2020-10-30 2:37:40,https://www.youtube.com/watch?v=zydnV07IES8,http://img.youtube.com/vi/zydnV07IES8/hqdefault.jpg,2021-06-12 12:00:00,2021-06-12 12:00:00
185,iktgwag-eto,ã€ARK CRYSTAL ISLESã€‘åˆARKã«ã­ã­æ„Ÿå‹•ï¼ï¼ˆäºˆæ„Ÿï¼‰ã€ãƒ›ãƒ­ãƒ©ã‚¤ãƒ–/æ¡ƒéˆ´ã­ã­ã€‘,83249,2020-10-28 15:17:42,https://www.youtube.com/watch?v=iktgwag-eto,http://img.youtube.com/vi/iktgwag-eto/hqdefault.jpg,2021-06-12 12:00:00,2021-06-12 12:00:00
186,ibDqcAG3X6o,ã€Minecraftã€‘ãŠæ˜¼ã«ãƒã‚¤ã‚¯ãƒ©ãƒ‡ãƒ¼ãƒˆã ã‚ã‚ã‚ã€ãƒ›ãƒ­ãƒ©ã‚¤ãƒ–/æ¡ƒéˆ´ã­ã­ã€‘,112496,2020-10-28 5:28:23,https://www.youtube.com/watch?v=ibDqcAG3X6o,http://img.youtube.com/vi/ibDqcAG3X6o/hqdefault.jpg,2021-06-12 12:00:00,2021-06-12 12:00:00
187,MturuvnQWt8,ã€Minecraftã€‘ã­ã­ã ã‘é€²ã¿ãŒé…ã„ä»¶ã€ãƒ›ãƒ­ãƒ©ã‚¤ãƒ–/æ¡ƒéˆ´ã­ã­ã€‘,130298,2020-10-26 11:50:45,https://www.youtube.com/watch?v=MturuvnQWt8,http://img.youtube.com/vi/MturuvnQWt8/hqdefault.jpg,2021-06-12 12:00:00,2021-06-12 12:00:00
188,5S5EYbLcw4A,ã€ãŠçµµã‹ãã€‘âœ¨ãŠæ˜¼ã®ãƒ¡ã‚¤ã‚­ãƒ³ã‚°âœ¨ã€ãƒ›ãƒ­ãƒ©ã‚¤ãƒ–/æ¡ƒéˆ´ã­ã­ã€‘,80482,2020-10-26 5:09:13,https://www.youtube.com/watch?v=5S5EYbLcw4A,http://img.youtube.com/vi/5S5EYbLcw4A/hqdefault.jpg,2021-06-12 12:00:00,2021-06-12 12:00:00
189,HQxfsVsmi00,ã€æ­Œæ ã€‘AMAZING SINGINGã€æ¡ƒéˆ´ã­ã­/ãƒ›ãƒ­ãƒ©ã‚¤ãƒ–ã€‘,138644,2020-10-25 16:17:45,https://www.youtube.com/watch?v=HQxfsVsmi00,http://img.youtube.com/vi/HQxfsVsmi00/hqdefault.jpg,2021-06-12 12:00:00,2021-06-12 12:00:00
190,FVAmlLApoqk,ã€D4DJã€‘ãƒ‡ã‚£ã‚°ãƒ©ãƒ¼ã£ã¦ãªã‚“ã ï¼Ÿï¼DJã®ä¸–ç•Œã¸é£›ã³è¾¼ã‚ï¼ï¼ã€ãƒ›ãƒ­ãƒ©ã‚¤ãƒ–/æ¡ƒéˆ´ã­ã­ã€‘,39098,2020-10-25 11:00:05,https://www.youtube.com/watch?v=FVAmlLApoqk,http://img.youtube.com/vi/FVAmlLApoqk/hqdefault.jpg,2021-06-12 12:00:00,2021-06-12 12:00:00
191,faIzNuhI6jg,ã€#holoAmon9usã€‘NENE IS STRONGï¼ï¼ï¼ï¼ã€Among Usã€ã‚³ãƒ©ãƒœã€æ¡ƒéˆ´ã­ã­è¦–ç‚¹ã€‘,170825,2020-10-24 14:50:36,https://www.youtube.com/watch?v=faIzNuhI6jg,http://img.youtube.com/vi/faIzNuhI6jg/hqdefault.jpg,2021-06-12 12:00:00,2021-06-12 12:00:00
192,Imw4yUZNSX8,ã€#holoAmon9usã€‘NENE IS STRONGã€Among Usã€ã‚³ãƒ©ãƒœã€æ¡ƒéˆ´ã­ã­è¦–ç‚¹ã€‘,85697,2020-10-24 13:24:04,https://www.youtube.com/watch?v=Imw4yUZNSX8,http://img.youtube.com/vi/Imw4yUZNSX8/hqdefault.jpg,2021-06-12 12:00:00,2021-06-12 12:00:00
193,HdGNKeazlCs,ã€ãŠçµµã‹ãã€‘ã‹ã‚ã„ã„ã­ã­ã‚’æãï¼ˆè‡ªç”»è‡ªè³›ï¼‰ã€ãƒ›ãƒ­ãƒ©ã‚¤ãƒ–/æ¡ƒéˆ´ã­ã­ã€‘,60110,2020-10-20 10:06:33,https://www.youtube.com/watch?v=HdGNKeazlCs,http://img.youtube.com/vi/HdGNKeazlCs/hqdefault.jpg,2021-06-12 12:00:00,2021-06-12 12:00:00
194,OcL2C7r4o74,ã€4th LIVEã€‘ã¿ã‚“ãªã«å±Šã‘ã­ã­ã®æ­Œï¼ã€æ¡ƒéˆ´ã­ã­/ãƒ›ãƒ­ãƒ©ã‚¤ãƒ–ã€‘,165393,2020-10-19 15:05:58,https://www.youtube.com/watch?v=OcL2C7r4o74,http://img.youtube.com/vi/OcL2C7r4o74/hqdefault.jpg,2021-06-12 12:00:00,2021-06-12 12:00:00
195,KXxhjOrM9ms,ã€é›‘è«‡ã€‘ã­ã­ã¨ã¿ã‚“ãªã®æ°—æŒã¡ã€ãƒ›ãƒ­ãƒ©ã‚¤ãƒ–/æ¡ƒéˆ´ã­ã­ã€‘,77058,2020-10-18 2:40:45,https://www.youtube.com/watch?v=KXxhjOrM9ms,http://img.youtube.com/vi/KXxhjOrM9ms/hqdefault.jpg,2021-06-12 12:00:00,2021-06-12 12:00:00
196,ERcav-P6Wuo,ã€ãƒãƒªã‚ªã‚«ãƒ¼ãƒˆ8DXã€‘ã­ã­ã«å‹ã¦ã‚‹äºº0äººèª¬ã€ãƒ›ãƒ­ãƒ©ã‚¤ãƒ–/æ¡ƒéˆ´ã­ã­ã€‘,62640,2020-10-17 15:39:26,https://www.youtube.com/watch?v=ERcav-P6Wuo,http://img.youtube.com/vi/ERcav-P6Wuo/hqdefault.jpg,2021-06-12 12:00:00,2021-06-12 12:00:00
197,daJTPE9LZbs,ã€Minecraftã€‘ã­ã½ã‚‰ã¼ãƒ“ãƒ«ï¼ï¼ï¼ï¼ã€ãƒ›ãƒ­ãƒ©ã‚¤ãƒ–/æ¡ƒéˆ´ã­ã­ã€‘,102807,2020-10-16 11:22:11,https://www.youtube.com/watch?v=daJTPE9LZbs,http://img.youtube.com/vi/daJTPE9LZbs/hqdefault.jpg,2021-06-12 12:00:00,2021-06-12 12:00:00
198,1S-bYpbRs7I,ã€é›‘è«‡ã€‘ã­ã­ã¨ãƒ—ãƒã‚·ãƒ¥ãƒ¼ã€ãƒ›ãƒ­ãƒ©ã‚¤ãƒ–/æ¡ƒéˆ´ã­ã­ã€‘,68294,2020-10-16 8:15:54,https://www.youtube.com/watch?v=1S-bYpbRs7I,http://img.youtube.com/vi/1S-bYpbRs7I/hqdefault.jpg,2021-06-12 12:00:00,2021-06-12 12:00:00
199,mNWVxbbjxac,ã€#ãƒ›ãƒ­AmongUsã€‘NENE IS å¤§å˜˜ã¤ãã€Among Usã€ã‚³ãƒ©ãƒœã€æ¡ƒéˆ´ã­ã­è¦–ç‚¹ã€‘,159380,2020-10-15 11:51:54,https://www.youtube.com/watch?v=mNWVxbbjxac,http://img.youtube.com/vi/mNWVxbbjxac/hqdefault.jpg,2021-06-12 12:00:00,2021-06-12 12:00:00
200,pM4cTBum0gQ,ã€Minecraftã€‘ãŠæ˜¼ã®ãƒã‚¤ã‚¯ãƒ©ã€ãƒ›ãƒ­ãƒ©ã‚¤ãƒ–/æ¡ƒéˆ´ã­ã­ã€‘,87266,2020-10-14 5:04:46,https://www.youtube.com/watch?v=pM4cTBum0gQ,http://img.youtube.com/vi/pM4cTBum0gQ/hqdefault.jpg,2021-06-12 12:00:00,2021-06-12 12:00:00
201,MJt3YMbAxkM,ã€makingã€‘âœ¨ãŠç¤¼ã‚¤ãƒ©ã‚¹ãƒˆãƒ¡ã‚¤ã‚­ãƒ³ã‚°âœ¨ã€ãƒ›ãƒ­ãƒ©ã‚¤ãƒ–/æ¡ƒéˆ´ã­ã­ã€‘,34523,2020-10-13 11:00:11,https://www.youtube.com/watch?v=MJt3YMbAxkM,http://img.youtube.com/vi/MJt3YMbAxkM/hqdefault.jpg,2021-06-12 12:00:00,2021-06-12 12:00:00
202,_aMcNrk-oBA,ã€Minecraftã€‘é…ä¿¡äºˆå®šåœ°ã€ãƒ›ãƒ­ãƒ©ã‚¤ãƒ–/æ¡ƒéˆ´ã­ã­ã€‘,90188,2020-10-12 13:11:16,https://www.youtube.com/watch?v=_aMcNrk-oBA,http://img.youtube.com/vi/_aMcNrk-oBA/hqdefault.jpg,2021-06-12 12:00:00,2021-06-12 12:00:00
203,IPFGHD4Vb3M,ã€APEXã€‘ã‚«ã‚¯ã‚«ã‚¯ã—ãªã„ã§ãã ã•ã„ã€ #ã‚‚ã‚‚ã¡ã‚‡ã“ ã€‘,74570,2020-10-12 11:14:45,https://www.youtube.com/watch?v=IPFGHD4Vb3M,http://img.youtube.com/vi/IPFGHD4Vb3M/hqdefault.jpg,2021-06-12 12:00:00,2021-06-12 12:00:00
204,rayj_GiJlLA,ã€é›‘è«‡ã€‘ä»Šæ—¥ã¯æ˜å¤ªãƒ•ãƒ©ãƒ³ã‚¹ãƒ‘ã‚¡ãƒ³ï¼ã€ãƒ›ãƒ­ãƒ©ã‚¤ãƒ–/æ¡ƒéˆ´ã­ã­ã€‘,63851,2020-10-12 4:06:21,https://www.youtube.com/watch?v=rayj_GiJlLA,http://img.youtube.com/vi/rayj_GiJlLA/hqdefault.jpg,2021-06-12 12:00:00,2021-06-12 12:00:00
205,9C5CZ7hdcAo,ã€æ­Œæ ã€‘æ­Œã†ãï½ï½ï½ï½ï½ï½ï½ï½ã€æ¡ƒéˆ´ã­ã­/ãƒ›ãƒ­ãƒ©ã‚¤ãƒ–ã€‘,149918,2020-10-11 15:08:13,https://www.youtube.com/watch?v=9C5CZ7hdcAo,http://img.youtube.com/vi/9C5CZ7hdcAo/hqdefault.jpg,2021-06-12 12:00:00,2021-06-12 12:00:00
206,SxpncSv0V4c,ã€Minecraftã€‘ä¹…ã—ã¶ã‚Šã«ãƒã‚¤ã‚¯ãƒ©ï¼ã€ãƒ›ãƒ­ãƒ©ã‚¤ãƒ–/æ¡ƒéˆ´ã­ã­ã€‘,127647,2020-10-09 12:40:21,https://www.youtube.com/watch?v=SxpncSv0V4c,http://img.youtube.com/vi/SxpncSv0V4c/hqdefault.jpg,2021-06-12 12:00:00,2021-06-12 12:00:00
207,YK9860lPS7M,ã€é›‘è«‡ã€‘ä»Šæ—¥ã®ã”ã¯ã‚“ãŒã‚„ã°ã„ã€ãƒ›ãƒ­ãƒ©ã‚¤ãƒ–/æ¡ƒéˆ´ã­ã­ã€‘,63359,2020-10-09 4:28:59,https://www.youtube.com/watch?v=YK9860lPS7M,http://img.youtube.com/vi/YK9860lPS7M/hqdefault.jpg,2021-06-12 12:00:00,2021-06-12 12:00:00
208,re2ExzMr1y4,ã€é›‘è«‡ã€‘ã­ã‚€ï¼ï¼ï¼ï¼ï¼ï¼ï¼ï¼ï¼ã€ãƒ›ãƒ­ãƒ©ã‚¤ãƒ–/æ¡ƒéˆ´ã­ã­ã€‘,68093,2020-10-07 5:06:22,https://www.youtube.com/watch?v=re2ExzMr1y4,http://img.youtube.com/vi/re2ExzMr1y4/hqdefault.jpg,2021-06-12 12:00:00,2021-06-12 12:00:00
209,qVjxfe0IM_k,ã€ãƒãƒªã‚ªã‚«ãƒ¼ãƒˆ8DXã€‘ãƒãƒ«ã‚«ã­ã­ã‹ï¼Ÿï¼Ÿã€ã‚ªãƒ•ã‚³ãƒ©ãƒœã€‘,112014,2020-10-06 14:40:07,https://www.youtube.com/watch?v=qVjxfe0IM_k,http://img.youtube.com/vi/qVjxfe0IM_k/hqdefault.jpg,2021-06-12 12:00:00,2021-06-12 12:00:00
210,XYIHq30RV-k,ã€ãƒªãƒ³ã‚°ãƒ•ã‚£ãƒƒãƒˆã‚¢ãƒ‰ãƒ™ãƒ³ãƒãƒ£ãƒ¼ã€‘PERFECT NENECHIã€ãƒ›ãƒ­ãƒ©ã‚¤ãƒ–/æ¡ƒéˆ´ã­ã­ã€‘,114637,2020-10-05 11:40:03,https://www.youtube.com/watch?v=XYIHq30RV-k,http://img.youtube.com/vi/XYIHq30RV-k/hqdefault.jpg,2021-06-12 12:00:00,2021-06-12 12:00:00
211,o7e4Da79h_c,ã€é›‘è«‡ã€‘æ˜¼ï¼ï¼ï¼ï¼ï¼ï¼ï¼ï¼ï¼ï¼ï¼ã€ãƒ›ãƒ­ãƒ©ã‚¤ãƒ–/æ¡ƒéˆ´ã­ã­ã€‘,82840,2020-10-05 5:05:16,https://www.youtube.com/watch?v=o7e4Da79h_c,http://img.youtube.com/vi/o7e4Da79h_c/hqdefault.jpg,2021-06-12 12:00:00,2021-06-12 12:00:00
212,yZSajfNmeog,ã€ã¿ã‚“ãªã®ãƒªã‚ºãƒ å¤©å›½ã€‘ã‚‚ã¯ã‚„æ„Ÿå‹•ã®ãƒªã‚ºãƒ æ„Ÿã€ãƒ›ãƒ­ãƒ©ã‚¤ãƒ–/æ¡ƒéˆ´ã­ã­ã€‘,56614,2020-10-02 14:15:41,https://www.youtube.com/watch?v=yZSajfNmeog,http://img.youtube.com/vi/yZSajfNmeog/hqdefault.jpg,2021-06-12 12:00:00,2021-06-12 12:00:00
213,X1ajiO18QvE,ã€ãƒãƒªã‚ªã‚«ãƒ¼ãƒˆ8DXã€‘1ä½ã‚ã‚ŠãŒã¨ã†ï¼æœ€ã€Œå¼·ã€ç‹æ±ºå®šæˆ¦ï¼ã€ã­ã½ã‚‰ã¼ã€‘,82407,2020-10-01 13:07:43,https://www.youtube.com/watch?v=X1ajiO18QvE,http://img.youtube.com/vi/X1ajiO18QvE/hqdefault.jpg,2021-06-12 12:00:00,2021-06-12 12:00:00
214,ZOl5f6nE3OY,ã€ãƒã‚¤ã‚¯ãƒ©ã€‘5æœŸç”Ÿã®å¤œï¼ã€ãƒ›ãƒ­ãƒ©ã‚¤ãƒ–/æ¡ƒéˆ´ã­ã­ã€‘,82473,2020-09-29 17:30:14,https://www.youtube.com/watch?v=ZOl5f6nE3OY,http://img.youtube.com/vi/ZOl5f6nE3OY/hqdefault.jpg,2021-06-12 12:00:00,2021-06-12 12:00:00
215,UAxTKGoGJG0,ã€ãƒã‚¤ã‚¯ãƒ©ã€‘å®‰çœ ã—ãŸã„ã€ãƒ›ãƒ­ãƒ©ã‚¤ãƒ–/æ¡ƒéˆ´ã­ã­ã€‘,106515,2020-09-29 5:12:40,https://www.youtube.com/watch?v=UAxTKGoGJG0,http://img.youtube.com/vi/UAxTKGoGJG0/hqdefault.jpg,2021-06-12 12:00:00,2021-06-12 12:00:00
216,pYb7zdj0MBA,ã€é›‘è«‡ã€‘5æœŸãƒ“ãƒ«ã‚’è€ƒãˆã‚‹æ˜¼ï¼ï¼ï¼ã€ãƒ›ãƒ­ãƒ©ã‚¤ãƒ–/æ¡ƒéˆ´ã­ã­ã€‘,54301,2020-09-28 4:04:55,https://www.youtube.com/watch?v=pYb7zdj0MBA,http://img.youtube.com/vi/pYb7zdj0MBA/hqdefault.jpg,2021-06-12 12:00:00,2021-06-12 12:00:00
217,WP2Gn-k86A0,ã€Good Job!ã€‘ç¤¾é•·ã€ããŸã‚ã‚‹ã€ãƒ›ãƒ­ãƒ©ã‚¤ãƒ–/æ¡ƒéˆ´ã­ã­ã€‘,92100,2020-09-26 7:39:46,https://www.youtube.com/watch?v=WP2Gn-k86A0,http://img.youtube.com/vi/WP2Gn-k86A0/hqdefault.jpg,2021-06-12 12:00:00,2021-06-12 12:00:00
218,Vnn6TCgpGA4,ã€ #ã­ã­ãµãƒ ã€‘ã­ã­ã¯ã‚¤ã‚ªãƒ•ã‚£å…ˆè¼©ã¨ä»²è‰¯ããªã‚ŠãŸã„ã€ãŠçµµã‹ãã€‘,106461,2020-09-25 14:33:41,https://www.youtube.com/watch?v=Vnn6TCgpGA4,http://img.youtube.com/vi/Vnn6TCgpGA4/hqdefault.jpg,2021-06-12 12:00:00,2021-06-12 12:00:00
219,lBna3oE3P9U,ã€ãŠæ˜¼ï¼ã€‘é…”ã‚ãªã„ãƒã‚¤ã‚¯ãƒ©ã€ãƒ›ãƒ­ãƒ©ã‚¤ãƒ–/æ¡ƒéˆ´ã­ã­ã€‘,77673,2020-09-25 5:12:03,https://www.youtube.com/watch?v=lBna3oE3P9U,http://img.youtube.com/vi/lBna3oE3P9U/hqdefault.jpg,2021-06-12 12:00:00,2021-06-12 12:00:00
220,BLiwUoKqvo4,ã€ä¸–ç•Œã®ã‚¢ã‚½ãƒ“å¤§å…¨51ã€‘ãŠã¾ã‚‹ã‚“ã¯ãƒ¨ãƒƒãƒˆãŒå¥½ãã™ãã‚‹ã€å°¾ä¸¸ãƒãƒ«ã‚«/æ¡ƒéˆ´ã­ã­ã€‘,121973,2020-09-24 14:16:59,https://www.youtube.com/watch?v=BLiwUoKqvo4,http://img.youtube.com/vi/BLiwUoKqvo4/hqdefault.jpg,2021-06-12 12:00:00,2021-06-12 12:00:00
221,XWBiPn7JOHM,ã€ã¿ã‚“ãªã®ãƒªã‚ºãƒ å¤©å›½ã€‘ã‚¢ã‚¤ãƒ‰ãƒ«ã®ãƒªã‚ºãƒ æ„Ÿãªã‚ã‚“ãªã‚ã‚‹ï¼ã€ãƒ›ãƒ­ãƒ©ã‚¤ãƒ–/æ¡ƒéˆ´ã­ã­ã€‘,111773,2020-09-23 13:24:09,https://www.youtube.com/watch?v=XWBiPn7JOHM,http://img.youtube.com/vi/XWBiPn7JOHM/hqdefault.jpg,2021-06-12 12:00:00,2021-06-12 12:00:00
222,9kPPx5JMGmE,ã€é›‘è«‡ã€‘ãŸãŠãŸãŠæ˜Ÿã‹ã‚‰å¸°ã£ã¦ããŸï¼ã€ãƒ›ãƒ­ãƒ©ã‚¤ãƒ–/æ¡ƒéˆ´ã­ã­ã€‘,57831,2020-09-23 5:01:41,https://www.youtube.com/watch?v=9kPPx5JMGmE,http://img.youtube.com/vi/9kPPx5JMGmE/hqdefault.jpg,2021-06-12 12:00:00,2021-06-12 12:00:00
223,d0EAmUiOUwM,ã€ãƒã‚¤ã‚¯ãƒ©ã€‘ãƒã‚°ãƒé£›ã³è¾¼ã‚€ã‚ã‚‹ã€ãƒ›ãƒ­ãƒ©ã‚¤ãƒ–/æ¡ƒéˆ´ã­ã­ã€‘,110756,2020-09-22 14:12:16,https://www.youtube.com/watch?v=d0EAmUiOUwM,http://img.youtube.com/vi/d0EAmUiOUwM/hqdefault.jpg,2021-06-12 12:00:00,2021-06-12 12:00:00
224,aCAMZvLX1Gs,ã€ãƒãƒªã‚ªã‚«ãƒ¼ãƒˆ8DXã€‘ãƒšãƒ¼ãƒ‘ãƒ¼æœ€å¼·ï¼ã€ãƒ›ãƒ­ãƒ©ã‚¤ãƒ–/æ¡ƒéˆ´ã­ã­ã€‘,540865,2020-09-20 14:23:57,https://www.youtube.com/watch?v=aCAMZvLX1Gs,http://img.youtube.com/vi/aCAMZvLX1Gs/hqdefault.jpg,2021-06-12 12:00:00,2021-06-12 12:00:00
225,L13FNzKzf0k,ã€æ­Œç·´ã€‘ãƒ¬ãƒƒã‚¹ãƒ³ã™ã‚‹ãï½ğŸ’ªã€æ¡ƒéˆ´ã­ã­/ãƒ›ãƒ­ãƒ©ã‚¤ãƒ–ã€‘,87009,2020-09-19 15:08:30,https://www.youtube.com/watch?v=L13FNzKzf0k,http://img.youtube.com/vi/L13FNzKzf0k/hqdefault.jpg,2021-06-12 12:00:00,2021-06-12 12:00:00
226,yOnFhn943qs,ã€ãƒã‚¤ã‚¯ãƒ©ã€‘ãƒ›ãƒ­é¯–ã“ã‚“ã«ã¡ã‚ï½ï½ï½ã€ãƒ›ãƒ­ãƒ©ã‚¤ãƒ–/æ¡ƒéˆ´ã­ã­ã€‘,121389,2020-09-18 14:58:34,https://www.youtube.com/watch?v=yOnFhn943qs,http://img.youtube.com/vi/yOnFhn943qs/hqdefault.jpg,2021-06-12 12:00:00,2021-06-12 12:00:00
227,Wp5c3X_DuR4,ã€ãŠãˆã‹ãã®æ£®ã€‘ã¿ã‚“ãªã§ãŠãˆã‹ãå‹è² ã‚ã‚‹âœ¨ã€ãƒ›ãƒ­ãƒ©ã‚¤ãƒ–/æ¡ƒéˆ´ã­ã­ã€‘,146899,2020-09-18 11:07:16,https://www.youtube.com/watch?v=Wp5c3X_DuR4,http://img.youtube.com/vi/Wp5c3X_DuR4/hqdefault.jpg,2021-06-12 12:00:00,2021-06-12 12:00:00
228,qyC1yWgvLSQ,ã€é›‘è«‡ã€‘å–‰ã¨å‹è² ã™ã‚‹æ˜¼ã€ãƒ›ãƒ­ãƒ©ã‚¤ãƒ–/æ¡ƒéˆ´ã­ã­ã€‘,52339,2020-09-18 4:10:09,https://www.youtube.com/watch?v=qyC1yWgvLSQ,http://img.youtube.com/vi/qyC1yWgvLSQ/hqdefault.jpg,2021-06-12 12:00:00,2021-06-12 12:00:00
229,kNrQcCjmnz0,ã€Good Job!ã€‘ã•ãã€åƒãã‚ã‚‹â€¦ã€ãƒ›ãƒ­ãƒ©ã‚¤ãƒ–/æ¡ƒéˆ´ã­ã­ã€‘,97991,2020-09-17 14:05:32,https://www.youtube.com/watch?v=kNrQcCjmnz0,http://img.youtube.com/vi/kNrQcCjmnz0/hqdefault.jpg,2021-06-12 12:00:00,2021-06-12 12:00:00
230,lS-s2s640Kc,ã€Left 4 Dead 2ã€‘ã‚¾ãƒ³ãƒ“ã ï½ï½ï¼ï¼ï¼ï¼âœ¨ã€ãƒ›ãƒ­ãƒ©ã‚¤ãƒ–/æ¡ƒéˆ´ã­ã­ã€‘,73524,2020-09-16 14:58:41,https://www.youtube.com/watch?v=lS-s2s640Kc,http://img.youtube.com/vi/lS-s2s640Kc/hqdefault.jpg,2021-06-12 12:00:00,2021-06-12 12:00:00
231,M1tJkiXGyeY,ã€é›‘è«‡ã€‘ãƒ‘ãƒ³ã®è³å‘³æœŸé™ã‚„ã°ã„ã€ãƒ›ãƒ­ãƒ©ã‚¤ãƒ–/æ¡ƒéˆ´ã­ã­ã€‘,73688,2020-09-16 5:25:33,https://www.youtube.com/watch?v=M1tJkiXGyeY,http://img.youtube.com/vi/M1tJkiXGyeY/hqdefault.jpg,2021-06-12 12:00:00,2021-06-12 12:00:00
232,z4iLO-xFfoc,ã€é›‘è«‡ã€‘ã­ã­ã®æ˜¼ã€ãŸã“ã‚„ãã«ãƒãƒã‚‹ã€ãƒ›ãƒ­ãƒ©ã‚¤ãƒ–/æ¡ƒéˆ´ã­ã­ã€‘,77098,2020-09-14 5:09:31,https://www.youtube.com/watch?v=z4iLO-xFfoc,http://img.youtube.com/vi/z4iLO-xFfoc/hqdefault.jpg,2021-06-12 12:00:00,2021-06-12 12:00:00
233,8dvY0bDt6DQ,ã€ ãƒ‡ãƒ“ãƒ¥ãƒ¼1ã‹æœˆâœ¨ã€‘ğŸ‘ãƒã‚·ãƒ¥ãƒãƒ­æ¡æ‰‹ä¼šğŸ‘ã€ãƒ›ãƒ­ãƒ©ã‚¤ãƒ–/æ¡ƒéˆ´ã­ã­ã€‘,65637,2020-09-13 12:36:48,https://www.youtube.com/watch?v=8dvY0bDt6DQ,http://img.youtube.com/vi/8dvY0bDt6DQ/hqdefault.jpg,2021-06-12 12:00:00,2021-06-12 12:00:00
234,DF0muzWDk9U,ã€ãŠçµµã‹ãã€‘ã­ã­ãƒ—ãƒ­ã€æˆé•·ã€ãƒ›ãƒ­ãƒ©ã‚¤ãƒ–/æ¡ƒéˆ´ã­ã­ã€‘,83000,2020-09-12 15:28:11,https://www.youtube.com/watch?v=DF0muzWDk9U,http://img.youtube.com/vi/DF0muzWDk9U/hqdefault.jpg,2021-06-12 12:00:00,2021-06-12 12:00:00
235,Ihmw7hL0qQk,ã€Free chatã€‘ã­ã­ã®æ¥½å±‹ã€ãƒ›ãƒ­ãƒ©ã‚¤ãƒ–/æ¡ƒéˆ´ã­ã­ã€‘,0,2020-09-12 11:51:24,https://www.youtube.com/watch?v=Ihmw7hL0qQk,http://img.youtube.com/vi/Ihmw7hL0qQk/hqdefault.jpg,2021-06-12 12:00:00,2021-06-12 12:00:00
236,bJnxSCTZZs8,ã€3rdLIVEã€‘ã„ã¤ã‚‚ã‚ã‚ŠãŒã¨ã†ï¼ã€æ¡ƒéˆ´ã­ã­/ãƒ›ãƒ­ãƒ©ã‚¤ãƒ–ã€‘,137741,2020-09-11 13:56:00,https://www.youtube.com/watch?v=bJnxSCTZZs8,http://img.youtube.com/vi/bJnxSCTZZs8/hqdefault.jpg,2021-06-12 12:00:00,2021-06-12 12:00:00
237,NMz6Gfj2u8Q,ã€é›‘è«‡ã€‘ãšã£ã¨çœ ã„ã€ã­ã­ã®æ˜¼ï¼ã€ãƒ›ãƒ­ãƒ©ã‚¤ãƒ–/æ¡ƒéˆ´ã­ã­ã€‘,52611,2020-09-11 4:08:39,https://www.youtube.com/watch?v=NMz6Gfj2u8Q,http://img.youtube.com/vi/NMz6Gfj2u8Q/hqdefault.jpg,2021-06-12 12:00:00,2021-06-12 12:00:00
238,5PA0AO0B010,ã€ã‚¯ãƒ©ãƒ•ãƒˆãƒ”ã‚¢/craftopiaã€‘å¼·è€…ã€ã­ã­ã€ãƒ›ãƒ­ãƒ©ã‚¤ãƒ–/æ¡ƒéˆ´ã­ã­ã€‘,81850,2020-09-10 13:09:15,https://www.youtube.com/watch?v=5PA0AO0B010,http://img.youtube.com/vi/5PA0AO0B010/hqdefault.jpg,2021-06-12 12:00:00,2021-06-12 12:00:00
239,jAMgOsI-wkA,ã€ãŠçµµã‹ãã€‘ãƒ©ãƒŸã‚£ã¡ã‚ƒã‚“ã®ä¸‹æ›¸ãã€ãƒ›ãƒ­ãƒ©ã‚¤ãƒ–/æ¡ƒéˆ´ã­ã­ã€‘,84518,2020-09-08 11:04:02,https://www.youtube.com/watch?v=jAMgOsI-wkA,http://img.youtube.com/vi/jAMgOsI-wkA/hqdefault.jpg,2021-06-12 12:00:00,2021-06-12 12:00:00
240,-SWo8A6BWSc,ã€ã‚¬ãƒæ­Œç·´ã€‘ã­ã­ã¯ãŠæ­Œã‚’ç·´ç¿’ã™ã‚‹ã‚ã‚‹ã€æ¡ƒéˆ´ã­ã­/ãƒ›ãƒ­ãƒ©ã‚¤ãƒ–ã€‘,100966,2020-09-08 5:00:37,https://www.youtube.com/watch?v=-SWo8A6BWSc,http://img.youtube.com/vi/-SWo8A6BWSc/hqdefault.jpg,2021-06-12 12:00:00,2021-06-12 12:00:00
241,VQjpoeNh0UI,ã€APEXã€‘ã­ã­ã¯1äººã ã¨å¼·ããªã„ã‚ã‚‹ã€ãƒ›ãƒ­ãƒ©ã‚¤ãƒ–/æ¡ƒéˆ´ã­ã­ã€‘,98428,2020-09-07 14:35:53,https://www.youtube.com/watch?v=VQjpoeNh0UI,http://img.youtube.com/vi/VQjpoeNh0UI/hqdefault.jpg,2021-06-12 12:00:00,2021-06-12 12:00:00
242,HXyZ0_j9T4M,ã€é›‘è«‡ã€‘ãã£ã¨çœ ã„ã€ã­ã­ã®æ˜¼ï¼ã€ãƒ›ãƒ­ãƒ©ã‚¤ãƒ–/æ¡ƒéˆ´ã­ã­ã€‘,82839,2020-09-07 5:17:57,https://www.youtube.com/watch?v=HXyZ0_j9T4M,http://img.youtube.com/vi/HXyZ0_j9T4M/hqdefault.jpg,2021-06-12 12:00:00,2021-06-12 12:00:00
243,4R_DUDP_9y0,ã€é›€é­‚ã€‘åˆå¿ƒè€…ãˆã‚“ã˜ã‚‡ã„éº»é›€ã€ãƒ›ãƒ­ãƒ©ã‚¤ãƒ–/æ¡ƒéˆ´ã­ã­ã€‘,85439,2020-09-05 15:42:59,https://www.youtube.com/watch?v=4R_DUDP_9y0,http://img.youtube.com/vi/4R_DUDP_9y0/hqdefault.jpg,2021-06-12 12:00:00,2021-06-12 12:00:00
244,ZBcE8O6JlhY,ã€ã‚¯ãƒ©ãƒ•ãƒˆãƒ”ã‚¢/craftopiaã€‘ã¾ã£ãŸã‚Šéã”ã—ãŸã„ã€ãƒ›ãƒ­ãƒ©ã‚¤ãƒ–/æ¡ƒéˆ´ã­ã­ã€‘,107842,2020-09-05 5:45:39,https://www.youtube.com/watch?v=ZBcE8O6JlhY,http://img.youtube.com/vi/ZBcE8O6JlhY/hqdefault.jpg,2021-06-12 12:00:00,2021-06-12 12:00:00
245,PXgjkzARvnU,ã­ã­ã¯ã‚¤ãƒ©ã‚¹ãƒˆã‚’æãã‚ã‚‹ï¼ã€ãƒ›ãƒ­ãƒ©ã‚¤ãƒ–/æ¡ƒéˆ´ã­ã­ã€‘,88132,2020-09-04 12:05:07,https://www.youtube.com/watch?v=PXgjkzARvnU,http://img.youtube.com/vi/PXgjkzARvnU/hqdefault.jpg,2021-06-12 12:00:00,2021-06-12 12:00:00
246,R9ahNWzSbAo,ã€é›‘è«‡ã€‘é‡‘æ›œæ—¥ã ã­ï¼ã¿ã‚“ãªã‚ã¨å°‘ã—é ‘å¼µã‚ã†ã­âœ¨ã€ãƒ›ãƒ­ãƒ©ã‚¤ãƒ–/æ¡ƒéˆ´ã­ã­ã€‘,75499,2020-09-04 5:10:25,https://www.youtube.com/watch?v=R9ahNWzSbAo,http://img.youtube.com/vi/R9ahNWzSbAo/hqdefault.jpg,2021-06-12 12:00:00,2021-06-12 12:00:00
247,GCciywGZnwc,ã‚‰ã¿ã¡ã‚ƒã‚“ã¨ã‚¢ã‚½ãƒ“å¤§å…¨å‹è² ï¼,82886,2020-09-03 12:01:59,https://www.youtube.com/watch?v=GCciywGZnwc,http://img.youtube.com/vi/GCciywGZnwc/hqdefault.jpg,2021-06-12 12:00:00,2021-06-12 12:00:00
248,dkmaWoFqhyA,æ°—æŒã¡é‡èœé£Ÿã¹ã¦ã¾ã™æ˜¼ï¼ï¼ï¼ï¼ã€ãƒ›ãƒ­ãƒ©ã‚¤ãƒ–/æ¡ƒéˆ´ã­ã­ã€‘,83549,2020-09-03 5:36:30,https://www.youtube.com/watch?v=dkmaWoFqhyA,http://img.youtube.com/vi/dkmaWoFqhyA/hqdefault.jpg,2021-06-12 12:00:00,2021-06-12 12:00:00
249,QLAvOzVXpSU,ä¹…ã—ã¶ã‚Šã®ã„ãŸã ãã¾ãï½ã™ï¼ï¼ï¼ã€ãƒ›ãƒ­ãƒ©ã‚¤ãƒ–/æ¡ƒéˆ´ã­ã­ã€‘,92688,2020-09-02 5:25:10,https://www.youtube.com/watch?v=QLAvOzVXpSU,http://img.youtube.com/vi/QLAvOzVXpSU/hqdefault.jpg,2021-06-12 12:00:00,2021-06-12 12:00:00
250,045TABfOZq4,å¤§å¯Œè±ªã§ã­ã­ã«å‹ã¦ã‚‹äºº0äººèª¬ã€ãƒ›ãƒ­ãƒ©ã‚¤ãƒ–/æ¡ƒéˆ´ã­ã­ã€‘,149221,2020-09-01 11:03:19,https://www.youtube.com/watch?v=045TABfOZq4,http://img.youtube.com/vi/045TABfOZq4/hqdefault.jpg,2021-06-12 12:00:00,2021-06-12 12:00:00
251,lA5EHktx9aM,ã€ï¼Ÿï¼Ÿï¼Ÿã€‘ã¾ã¤ã‚ã‚‹ã€ #ã­ã½ã‚‰ã¼ ã€‘,140588,2020-08-30 11:07:33,https://www.youtube.com/watch?v=lA5EHktx9aM,http://img.youtube.com/vi/lA5EHktx9aM/hqdefault.jpg,2021-06-12 12:00:00,2021-06-12 12:00:00
252,7cPQe75PVEs,ã€8æœˆ29æ—¥åˆ†ã€‘ã¯ã„ã±ãƒ¼ã­ã­ã¡ãƒ¼ç‰¹å…¸ä¼šâœ¨ã€æ¡ƒéˆ´ã­ã­ã€‘,68428,2020-08-29 16:57:53,https://www.youtube.com/watch?v=7cPQe75PVEs,http://img.youtube.com/vi/7cPQe75PVEs/hqdefault.jpg,2021-06-12 12:00:00,2021-06-12 12:00:00
253,UUv3YRT5leU,ã€2nd live!ã€‘ã­ã­ã®å¯ã‚‹å‰ã—ã£ã¨ã‚Šãƒ©ã‚¤ãƒ–âœ¨ã€æ¡ƒéˆ´ã­ã­ã€‘,115616,2020-08-28 16:11:50,https://www.youtube.com/watch?v=UUv3YRT5leU,http://img.youtube.com/vi/UUv3YRT5leU/hqdefault.jpg,2021-06-12 12:00:00,2021-06-12 12:00:00
254,8MhV0POD91U,ã€æ˜ã‚‹ã„æ˜¼ï¼ã€‘æ¥½ã—ã„è©±ãŒã—ãŸã„ã‚ã‚‹ï¼ï¼ã€æ¡ƒéˆ´ã­ã­ã€‘,95647,2020-08-28 5:11:42,https://www.youtube.com/watch?v=8MhV0POD91U,http://img.youtube.com/vi/8MhV0POD91U/hqdefault.jpg,2021-06-12 12:00:00,2021-06-12 12:00:00
255,tyu5IkWaUDc,ã€åˆãƒ›ãƒ©ãƒ¼ï¼ï¼Ÿã€‘ã­ã­ãŠã¾å¤œå‹¤äº‹ä»¶ã€ãƒ›ãƒ­ãƒ©ã‚¤ãƒ–ã€‘,229659,2020-08-27 12:38:36,https://www.youtube.com/watch?v=tyu5IkWaUDc,http://img.youtube.com/vi/tyu5IkWaUDc/hqdefault.jpg,2021-06-12 12:00:00,2021-06-12 12:00:00
256,rfw2ona2iMc,ã€å¯†ç€ï¼ï¼ã€‘ã­ã­ã®ã‚µãƒ ãƒã®ä½œã‚Šæ–¹ã€æ¡ƒéˆ´ã­ã­ã€‘,87665,2020-08-27 9:36:19,https://www.youtube.com/watch?v=rfw2ona2iMc,http://img.youtube.com/vi/rfw2ona2iMc/hqdefault.jpg,2021-06-12 12:00:00,2021-06-12 12:00:00
257,JxiJPehWlGw,ã€åˆã‚ã¦ã®ã€‘ãŠãã‚ƒã°ã¶ã­ã­ã¨ã—ã—ã‚ã¾ã¾ã€APEXã€‘,237701,2020-08-26 13:26:36,https://www.youtube.com/watch?v=JxiJPehWlGw,http://img.youtube.com/vi/JxiJPehWlGw/hqdefault.jpg,2021-06-12 12:00:00,2021-06-12 12:00:00
258,Ow4iieMP0ug,ã€ãŠæ˜¼ã¯ã­ã­ã®å‘³æ–¹ã€‘ä»Šæ—¥ã‚‚ã„ãŸã ãã¾ã™ï¼ï¼ã€æ¡ƒéˆ´ã­ã­ã€‘,67717,2020-08-26 3:54:13,https://www.youtube.com/watch?v=Ow4iieMP0ug,http://img.youtube.com/vi/Ow4iieMP0ug/hqdefault.jpg,2021-06-12 12:00:00,2021-06-12 12:00:00
259,cD4TpXuwfbs,ã€ãŠæ˜¼å¤§å¥½ãï¼ã€‘å¯åŠã—ãªã„ã‚ã‚‹ã€æ¡ƒéˆ´ã­ã­ã€‘,90901,2020-08-25 4:56:18,https://www.youtube.com/watch?v=cD4TpXuwfbs,http://img.youtube.com/vi/cD4TpXuwfbs/hqdefault.jpg,2021-06-12 12:00:00,2021-06-12 12:00:00
260,CLe0TSLlv9E,ã€8æœˆ23æ—¥åˆ†ã€‘âœ¨ã™ãƒ¼ã‚ã±ãƒ¼ã¡ã‚ƒã£ã¨ç‰¹å…¸ä¼šâœ¨ã€ã¿ã‚“ãªã‚ã‚ŠãŒğŸ‘ã€‘,22208,2020-08-24 14:51:25,https://www.youtube.com/watch?v=CLe0TSLlv9E,http://img.youtube.com/vi/CLe0TSLlv9E/hqdefault.jpg,2021-06-12 12:00:00,2021-06-12 12:00:00
261,kUbwjWz9HSc,ã€å¯ã™ããŸã€‘ãŠæ˜¼ã”é£¯ã¯æœã”ã¯ã‚“ã‚ã‚‹ã€æ¡ƒéˆ´ã­ã­ã€‘,63968,2020-08-24 4:30:06,https://www.youtube.com/watch?v=kUbwjWz9HSc,http://img.youtube.com/vi/kUbwjWz9HSc/hqdefault.jpg,2021-06-12 12:00:00,2021-06-12 12:00:00
262,M5D3WDPGmXg,ã€åˆã‚²ãƒ¼ãƒ âœ¨ã€‘ã­ã­ã®FallGuysã€æ¡ƒéˆ´ã­ã­ã€‘,106235,2020-08-23 14:06:07,https://www.youtube.com/watch?v=M5D3WDPGmXg,http://img.youtube.com/vi/M5D3WDPGmXg/hqdefault.jpg,2021-06-12 12:00:00,2021-06-12 12:00:00
263,hgGmKnjVZAY,ã€8æœˆ22æ—¥åˆ†ã€‘âœ¨ã™ãƒ¼ã±ãƒ¼ã¡ã‚ƒã£ã¨ç‰¹å…¸ä¼šâœ¨ã€ã‚ã‚ŠãŒã¨ğŸ¥Ÿã€‘,20100,2020-08-23 11:00:10,https://www.youtube.com/watch?v=hgGmKnjVZAY,http://img.youtube.com/vi/hgGmKnjVZAY/hqdefault.jpg,2021-06-12 12:00:00,2021-06-12 12:00:00
264,aZaAy7vBEKo,ã€1st live!ã€‘ã­ã­ã®ãƒŸãƒ‹ãƒ©ã‚¤ãƒ–ã€æ¡ƒéˆ´ã­ã­ã€‘,201918,2020-08-22 15:22:34,https://www.youtube.com/watch?v=aZaAy7vBEKo,http://img.youtube.com/vi/aZaAy7vBEKo/hqdefault.jpg,2021-06-12 12:00:00,2021-06-12 12:00:00
265,mKkylKRUD8Y,ã€æ€¥å‹Ÿã€‘ã­ã­ã®æŒ¨æ‹¶ã‚’æ±ºã‚ã‚‹ä¼š,132222,2020-08-20 13:38:57,https://www.youtube.com/watch?v=mKkylKRUD8Y,http://img.youtube.com/vi/mKkylKRUD8Y/hqdefault.jpg,2021-06-12 12:00:00,2021-06-12 12:00:00
266,mdCLfvdkG24,âœ¨ã™ãƒ¼ã±ãƒ¼ã¡ã‚ƒã£ã¨ç‰¹å…¸ä¼šâœ¨,142081,2020-08-20 11:28:12,https://www.youtube.com/watch?v=mdCLfvdkG24,http://img.youtube.com/vi/mdCLfvdkG24/hqdefault.jpg,2021-06-12 12:00:00,2021-06-12 12:00:00
267,opqkXxig-jo,ã€æ˜¼ãŒæ¥ã„ï¼ã€‘ã­ã­ã¯ãŠæ˜¼ãŒé£Ÿã¹ãŸã„ã€ãƒ‘ãƒ¼ãƒˆ4ã€‘,138860,2020-08-20 4:07:04,https://www.youtube.com/watch?v=opqkXxig-jo,http://img.youtube.com/vi/opqkXxig-jo/hqdefault.jpg,2021-06-12 12:00:00,2021-06-12 12:00:00
268,3XXZbXcEoSk,ã©ã†ã„ã†çŠ¶æ³ã‚ã‚‹ã‹â€¦ï¼Ÿï¼Ÿï¼Ÿ,289083,2020-08-18 16:37:42,https://www.youtube.com/watch?v=3XXZbXcEoSk,http://img.youtube.com/vi/3XXZbXcEoSk/hqdefault.jpg,2021-06-12 12:00:00,2021-06-12 12:00:00
269,jtMq-Vra7dY,ã€MADã€‘ãƒ©ãƒŸã‚£ã®ã†ãŸã€#æ¡ƒéˆ´ã­ã­ã€‘,229961,2020-08-18 12:10:22,https://www.youtube.com/watch?v=jtMq-Vra7dY,http://img.youtube.com/vi/jtMq-Vra7dY/hqdefault.jpg,2021-06-12 12:00:00,2021-06-12 12:00:00
270,QFEZbfhsKQE,ã€ãŠæ˜¼ã ã‚ˆï¼ã€‘ã­ã­ã¨ä¸€ç·’ã«ãŠæ˜¼ï¼ï¼ï¼ã€ãƒ‘ãƒ¼ãƒˆï¼’ã€‘,167496,2020-08-18 2:07:08,https://www.youtube.com/watch?v=QFEZbfhsKQE,http://img.youtube.com/vi/QFEZbfhsKQE/hqdefault.jpg,2021-06-12 12:00:00,2021-06-12 12:00:00
271,0N6JFpqqphY,ã€ãŠæ˜¼ã ã‚ˆã€‘ã­ã­ã¨ä¸€ç·’ã«ãŠæ˜¼ã‚’ãŸã¹ã‚ˆã†ã€ãƒ‘ãƒ¼ãƒˆ1ã€‘,233105,2020-08-17 3:03:19,https://www.youtube.com/watch?v=0N6JFpqqphY,http://img.youtube.com/vi/0N6JFpqqphY/hqdefault.jpg,2021-06-12 12:00:00,2021-06-12 12:00:00
272,J6bgYiXnfOM,åˆé…ä¿¡ã‚’æŒ¯ã‚Šè¿”ã‚‹ã£ğŸ¸ã€ãƒ©ãƒŸã‚£ã¡ã‚ƒã‚“ã¨ä¸€ç·’ã«ï¼ã€‘,254321,2020-08-13 16:09:21,https://www.youtube.com/watch?v=J6bgYiXnfOM,http://img.youtube.com/vi/J6bgYiXnfOM/hqdefault.jpg,2021-06-12 12:00:00,2021-06-12 12:00:00
273,fJ7ueGLuXk8,ã€åˆé…ä¿¡ï¼ã€‘ãƒ›ãƒ­ãƒ©ã‚¤ãƒ–5æœŸç”Ÿã€æ¡ƒéˆ´ã­ã­ã‚ã‚‹ğŸ¥Ÿã€#ã»ã‚ãµãã„ã¶ã€‘,550472,2020-08-13 13:10:39,https://www.youtube.com/watch?v=fJ7ueGLuXk8,http://img.youtube.com/vi/fJ7ueGLuXk8/hqdefault.jpg,,