id,clipid,cliptitle,clipurl,clipviews,clipimg,clippostdate,created_at,updated_at
1,AMQhZIgcpcc,私生活がけっこう陽キャでコミュ強な桃鈴ねね【ほろふぁいぶ/ホロライブ5期生/切り抜き】,https://www.youtube.com/watch?v=AMQhZIgcpcc,37093,http://img.youtube.com/vi/AMQhZIgcpcc/hqdefault.jpg,2020-09-14 8:03:11,2021-06-12 12:00:00,2021-06-12 12:00:00
2,FisXK0Q45m8,【桃鈴ねね】はあちゃま×ねねちコラボ　ポンコツリバーシ対決【赤井はあと】【切り抜き】【ホロライブ】,https://www.youtube.com/watch?v=FisXK0Q45m8,36860,http://img.youtube.com/vi/FisXK0Q45m8/hqdefault.jpg,2020-09-29 10:15:01,2021-06-12 12:00:00,2021-06-12 12:00:00
3,oVNvEPqtSb0,【ホロライブ切り抜き】【日本語訳】ねねオリ戦争　食い物の恨みは恐ろしい【桃鈴ねね/Ollie/hololive】【マイクラ/Minecraft】,https://www.youtube.com/watch?v=oVNvEPqtSb0,36453,http://img.youtube.com/vi/oVNvEPqtSb0/hqdefault.jpg,2021-01-24 2:02:47,2021-06-12 12:00:00,2021-06-12 12:00:00
4,-r0TtDd3V78,西沢5㍉ママから明かされる、ねねちも知らなかった衝撃の秘密【ホロライブ/桃鈴ねね/切り抜き】,https://www.youtube.com/watch?v=-r0TtDd3V78,36331,http://img.youtube.com/vi/-r0TtDd3V78/hqdefault.jpg,2021-04-12 13:36:36,2021-06-12 12:00:00,2021-06-12 12:00:00
5,H7qPqRYIlBs,有識者とプロレスするねねちが面白い【桃鈴ねね/ホロライブ切り抜き】,https://www.youtube.com/watch?v=H7qPqRYIlBs,36032,http://img.youtube.com/vi/H7qPqRYIlBs/hqdefault.jpg,2021-04-04 9:00:05,2021-06-12 12:00:00,2021-06-12 12:00:00
6,HbvaO2mCfh8,【桃鈴ねね/ホロライブ切り抜き】自分が言ったお下品な発言をトワ様のせいにした後お下品な話で盛り上がるねねち,https://www.youtube.com/watch?v=HbvaO2mCfh8,35785,http://img.youtube.com/vi/HbvaO2mCfh8/hqdefault.jpg,2021-02-24 14:13:57,2021-06-12 12:00:00,2021-06-12 12:00:00
7,wwATd7llVQM,スバルとねねちの打ち間違いやり取りが面白いｗ【ホロライブ切り抜き/大空スバル/桃鈴ねね】,https://www.youtube.com/watch?v=wwATd7llVQM,35596,http://img.youtube.com/vi/wwATd7llVQM/hqdefault.jpg,2021-02-04 7:57:15,2021-06-12 12:00:00,2021-06-12 12:00:00
8,cj0B_C4LRdc,【にじホロあもあす】監視カメラを使いこなす桃鈴ねね (複数視点ごちゃまぜ)【桃鈴ねね、Anya melfissa】【切り抜き】,https://www.youtube.com/watch?v=cj0B_C4LRdc,35181,http://img.youtube.com/vi/cj0B_C4LRdc/hqdefault.jpg,2021-02-04 20:00:15,2021-06-12 12:00:00,2021-06-12 12:00:00
9,eCxQFofikao,【桃鈴ねね/雪花ラミィ】ねねのスーパーリフォーム！！！【切り抜き/ホロライブ】,https://www.youtube.com/watch?v=eCxQFofikao,34569,http://img.youtube.com/vi/eCxQFofikao/hqdefault.jpg,2020-12-04 10:00:29,2021-06-12 12:00:00,2021-06-12 12:00:00
10,OcgDwRpc91U,えぇ・・・【ホロライブ 切り抜き】【桃鈴ねね】【雪花ラミィ】,https://www.youtube.com/watch?v=OcgDwRpc91U,34548,http://img.youtube.com/vi/OcgDwRpc91U/hqdefault.jpg,2020-12-27 21:02:15,2021-06-12 12:00:00,2021-06-12 12:00:00
11,SniU6q4X4Qs,【桃鈴ねね】ランクマの姫プ、クソガキムーブ全開「オラ！みんなで敵に突っ込むぞ！」わちゃわちゃAPEX【切り抜き/ホロライブ】,https://www.youtube.com/watch?v=SniU6q4X4Qs,34298,http://img.youtube.com/vi/SniU6q4X4Qs/hqdefault.jpg,2021-02-28 19:40:59,2021-06-12 12:00:00,2021-06-12 12:00:00
12,AU2hrlfee1o,【6/8】ホロライブの昨日の見所まとめてみました【獅白ぼたん・星街すいせい・潤羽るしあ・宝鐘マリン・大空スバル・ときのそら・湊あくあ・常闇トワ・兎田ぺこら・白銀ノエル・桃鈴ねね/ホロライブ切り抜き】,https://www.youtube.com/watch?v=AU2hrlfee1o,35035,http://img.youtube.com/vi/AU2hrlfee1o/hqdefault.jpg,2021-06-08 22:30:00,2021-06-12 12:00:00,2021-06-12 12:00:00
13,LgHqji2apog,クリアファイルゲット出来ましたか？【桃鈴ねね】【切り抜き/ホロライブ】,https://www.youtube.com/watch?v=LgHqji2apog,34297,http://img.youtube.com/vi/LgHqji2apog/hqdefault.jpg,2021-05-13 11:00:08,2021-06-12 12:00:00,2021-06-12 12:00:00
14,6Ou-klpbqIw,【桃鈴ねね】つぐのひ悲鳴まとめ「ねねホラゲ得意だわｗ」【切り抜き/ホロライブ】,https://www.youtube.com/watch?v=6Ou-klpbqIw,34216,http://img.youtube.com/vi/6Ou-klpbqIw/hqdefault.jpg,2021-02-26 18:27:26,2021-06-12 12:00:00,2021-06-12 12:00:00
15,jZQW95zRti0,【桃鈴ねね】性癖を公開する桃鈴ねね【切り抜き】,https://www.youtube.com/watch?v=jZQW95zRti0,34124,http://img.youtube.com/vi/jZQW95zRti0/hqdefault.jpg,2020-09-05 23:30:00,2021-06-12 12:00:00,2021-06-12 12:00:00
16,eIMDmjySJ4w,【桃鈴ねね】やっぱりフレアとのマイクラコラボは出来なさそうな桃鈴ねね【切り抜き】,https://www.youtube.com/watch?v=eIMDmjySJ4w,33681,http://img.youtube.com/vi/eIMDmjySJ4w/hqdefault.jpg,2020-10-09 15:42:28,2021-06-12 12:00:00,2021-06-12 12:00:00
17,mL7TMETH3QE,リングフィットしてもセンシティブにならない元気っ子【桃鈴ねね】,https://www.youtube.com/watch?v=mL7TMETH3QE,33553,http://img.youtube.com/vi/mL7TMETH3QE/hqdefault.jpg,2020-10-05 21:17:00,2021-06-12 12:00:00,2021-06-12 12:00:00
18,QoOEhDhtak8,【桃鈴ねね/獅白ぼたん】ししろんのマリオカートを同時実況するねねが可愛すぎる【切り抜き/ホロライブ】,https://www.youtube.com/watch?v=QoOEhDhtak8,33450,http://img.youtube.com/vi/QoOEhDhtak8/hqdefault.jpg,2021-01-12 10:00:05,2021-06-12 12:00:00,2021-06-12 12:00:00
19,CR2C4V7a5bU,【桃鈴ねね/癒月ちょこ】100点取ると豪語するねねプロ社長の学力テスト【ホロライブ切り抜き】,https://www.youtube.com/watch?v=CR2C4V7a5bU,33695,http://img.youtube.com/vi/CR2C4V7a5bU/hqdefault.jpg,2020-09-30 17:42:10,2021-06-12 12:00:00,2021-06-12 12:00:00
20,XBTTgsof6lI,【6/3】ホロライブの昨日の見所まとめてみました【天音かなた・桐生ココ・大空スバル・さくらみこ・桃鈴ねね・白銀ノエル・兎田ぺこら・赤井はあと・夏色まつり・潤羽るしあ・桐生ココ/ホロライブ切り抜き】,https://www.youtube.com/watch?v=XBTTgsof6lI,33539,http://img.youtube.com/vi/XBTTgsof6lI/hqdefault.jpg,2021-06-03 22:01:38,2021-06-12 12:00:00,2021-06-12 12:00:00
21,DfXEhhMj0UU,新しいハンター×ハンターネタを仕入れたねねち！【桃鈴ねね】【切り抜き/ホロライブ】,https://www.youtube.com/watch?v=DfXEhhMj0UU,32324,http://img.youtube.com/vi/DfXEhhMj0UU/hqdefault.jpg,2021-02-11 15:00:03,2021-06-12 12:00:00,2021-06-12 12:00:00
22,7qSlKMGAo2E,【若いギャル】ダンスレッスンで若いギャルに虐められた桃鈴ねね「やだぁあのボサボサ頭ｗって言われた…」【切り抜き/ホロライブ】,https://www.youtube.com/watch?v=7qSlKMGAo2E,32000,http://img.youtube.com/vi/7qSlKMGAo2E/hqdefault.jpg,2021-06-07 11:46:08,2021-06-12 12:00:00,2021-06-12 12:00:00
23,GfmYfoH9A2E,"【アニソン(ハルヒ)】ねねちゃんの""God knows..."" がカッコよすぎぃ!!歌中に20万人を突破おめでたい!!【桃鈴ねね × 平野綾】",https://www.youtube.com/watch?v=GfmYfoH9A2E,32181,http://img.youtube.com/vi/GfmYfoH9A2E/hqdefault.jpg,2020-09-12 0:36:49,2021-06-12 12:00:00,2021-06-12 12:00:00
24,OaYZfkinZVM,【雪花ラミィ 桃鈴ねね】ラミィおじさんとねねワンのHuman Fall Flatまとめ【ホロライブ切り抜き】,https://www.youtube.com/watch?v=OaYZfkinZVM,31831,http://img.youtube.com/vi/OaYZfkinZVM/hqdefault.jpg,2020-11-20 3:58:01,2021-06-12 12:00:00,2021-06-12 12:00:00
25,zX1mE6gqb2E,偏食の桃鈴ねねにサラダを押し付けられる雪花ラミィ【ホロライブ切り抜き】,https://www.youtube.com/watch?v=zX1mE6gqb2E,31566,http://img.youtube.com/vi/zX1mE6gqb2E/hqdefault.jpg,2021-01-21 10:57:16,2021-06-12 12:00:00,2021-06-12 12:00:00
26,W2BevGBmZwA,桃鈴ねねが教える「アイドルがする事しない事」【ほろふぁいぶ/ホロライブ5期生/切り抜き】,https://www.youtube.com/watch?v=W2BevGBmZwA,31150,http://img.youtube.com/vi/W2BevGBmZwA/hqdefault.jpg,2020-12-21 6:50:09,2021-06-12 12:00:00,2021-06-12 12:00:00
27,61TWrlucUCg,ねねにエロのお手本をみせるトワ様【桃鈴ねね/常闇トワ】【切り抜き/ホロライブ】,https://www.youtube.com/watch?v=61TWrlucUCg,31175,http://img.youtube.com/vi/61TWrlucUCg/hqdefault.jpg,2021-04-23 14:00:03,2021-06-12 12:00:00,2021-06-12 12:00:00
28,u-nnF-UYPTY,"【おっぺぇ】ねねちが紹介する""育乳マッサージ""に興味津々のかなたんはボインボイン【天音かなた/桃鈴ねね/ホロライブ 切り抜き】",https://www.youtube.com/watch?v=u-nnF-UYPTY,30596,http://img.youtube.com/vi/u-nnF-UYPTY/hqdefault.jpg,2021-04-12 9:01:00,2021-06-12 12:00:00,2021-06-12 12:00:00
29,gb0us40om_U,ねねちの悲惨すぎる台所事情【桃鈴ねね 切り抜き】,https://www.youtube.com/watch?v=gb0us40om_U,30557,http://img.youtube.com/vi/gb0us40om_U/hqdefault.jpg,2021-02-12 1:00:06,2021-06-12 12:00:00,2021-06-12 12:00:00
30,Yd9fojhpQyU,ねねの初夢に出てくる５期生の話が面白すぎる！【桃鈴ねね】【切り抜き/ホロライブ】,https://www.youtube.com/watch?v=Yd9fojhpQyU,30349,http://img.youtube.com/vi/Yd9fojhpQyU/hqdefault.jpg,2021-01-17 10:00:20,2021-06-12 12:00:00,2021-06-12 12:00:00
31,3heIAAhbrPc,ついに発表することが出来た【ねね3D】に感極まり、そこから歌ったコネクトがあまりにもエモすぎた【桃鈴ねね】【ホロライブ/切り抜き】,https://www.youtube.com/watch?v=3heIAAhbrPc,30833,http://img.youtube.com/vi/3heIAAhbrPc/hqdefault.jpg,2021-04-13 13:40:10,2021-06-12 12:00:00,2021-06-12 12:00:00
32,uR8McCM3cas,【桃鈴ねね、雪花ラミィ】徐々に本性を見せ始める桃鈴ねね 前編【切り抜き】,https://www.youtube.com/watch?v=uR8McCM3cas,30120,http://img.youtube.com/vi/uR8McCM3cas/hqdefault.jpg,2020-09-23 10:32:14,2021-06-12 12:00:00,2021-06-12 12:00:00
33,uWq_ICAzywI,【桃鈴ねね】ショートアニメ-ねっ子2個目-CV 桃鈴ねね【切り抜き/ホロライブ】,https://www.youtube.com/watch?v=uWq_ICAzywI,29961,http://img.youtube.com/vi/uWq_ICAzywI/hqdefault.jpg,2021-01-28 14:23:18,2021-06-12 12:00:00,2021-06-12 12:00:00
34,tZro9f2m8Ik,【桃鈴ねね】ブチギレたら台パンして圧をかけることを覚えた桃鈴ねね【切り抜き/ホロライブ】,https://www.youtube.com/watch?v=tZro9f2m8Ik,29549,http://img.youtube.com/vi/tZro9f2m8Ik/hqdefault.jpg,2020-12-09 10:00:15,2021-06-12 12:00:00,2021-06-12 12:00:00
35,wXusL2cKLL0,【桃鈴ねね】雪花ラミィにセンシティブな声をお願いするタオリン【ホロライブ5期生切り抜き】,https://www.youtube.com/watch?v=wXusL2cKLL0,29445,http://img.youtube.com/vi/wXusL2cKLL0/hqdefault.jpg,2020-08-14 9:30:08,2021-06-12 12:00:00,2021-06-12 12:00:00
36,wetgW2GCUZQ,桃鈴ねねの3Dお披露目まとめ【ホロライブ】,https://www.youtube.com/watch?v=wetgW2GCUZQ,29424,http://img.youtube.com/vi/wetgW2GCUZQ/hqdefault.jpg,2021-04-18 23:00:10,2021-06-12 12:00:00,2021-06-12 12:00:00
37,c9_S-Jkt4Yw,【桃鈴ねね】深い闇が感じられる桃鈴ねね【切り抜き】,https://www.youtube.com/watch?v=c9_S-Jkt4Yw,29212,http://img.youtube.com/vi/c9_S-Jkt4Yw/hqdefault.jpg,2020-09-03 12:00:28,2021-06-12 12:00:00,2021-06-12 12:00:00
38,JjK2U9w-o6k,【雪花ラミィ】桃鈴ねねのだぼだぼパンツに警鐘を鳴らすパンツ杞憂民の雪花ラミィ【切り抜き/ホロライブ】,https://www.youtube.com/watch?v=JjK2U9w-o6k,29056,http://img.youtube.com/vi/JjK2U9w-o6k/hqdefault.jpg,2021-04-25 0:54:13,2021-06-12 12:00:00,2021-06-12 12:00:00
39,rnqWK2Ik8RM,やっぱりトワ様のコメントがＴＭＴ過ぎる！！！！！【桃鈴ねね/常闇トワ】【切り抜き/ホロライブ】,https://www.youtube.com/watch?v=rnqWK2Ik8RM,29205,http://img.youtube.com/vi/rnqWK2Ik8RM/hqdefault.jpg,2021-05-10 9:00:28,2021-06-12 12:00:00,2021-06-12 12:00:00
40,tnH0kKd44Mw,先輩について語る桃鈴ねね【ホロライブ】(hololive 切り抜き 雑談 赤井はあと 夜空メル 宝鐘マリン   五期生 雪花ラミィ),https://www.youtube.com/watch?v=tnH0kKd44Mw,28984,http://img.youtube.com/vi/tnH0kKd44Mw/hqdefault.jpg,2020-08-18 11:51:27,2021-06-12 12:00:00,2021-06-12 12:00:00
41,q0MReUrUF_o,自身が出演するゲームのオーディションの裏話をするねねち【桃鈴ねね/ホロライブ/切り抜き/メンヘラフレシア フラワリングアビス】,https://www.youtube.com/watch?v=q0MReUrUF_o,29324,http://img.youtube.com/vi/q0MReUrUF_o/hqdefault.jpg,2021-06-05 18:38:04,2021-06-12 12:00:00,2021-06-12 12:00:00
42,XszJ2KXUQsc,【桃鈴ねね】胸元センシティブだからねっ子で隠して「おいおい、おっぱいがセンシティブだと誰が決めた！」【切り抜き/ホロライブ】,https://www.youtube.com/watch?v=XszJ2KXUQsc,28565,http://img.youtube.com/vi/XszJ2KXUQsc/hqdefault.jpg,2021-02-01 23:54:15,2021-06-12 12:00:00,2021-06-12 12:00:00
43,ZgDb0KRRU-M,いい場面でねねちのどうでもいいディスコが来て雰囲気がぶち壊されるラミィ【雪花ラミィ/桃鈴ねね/ホロライブ/切り抜き】,https://www.youtube.com/watch?v=ZgDb0KRRU-M,28512,http://img.youtube.com/vi/ZgDb0KRRU-M/hqdefault.jpg,2021-04-25 22:38:06,2021-06-12 12:00:00,2021-06-12 12:00:00
44,ZpqczvgFMUw,【鬼灯わらべ】いつの間にか「ねねち」って呼ぶ仲になったわらべちゃんとねね【桃鈴ねね】【切り抜き/ホロライブ】,https://www.youtube.com/watch?v=ZpqczvgFMUw,28541,http://img.youtube.com/vi/ZpqczvgFMUw/hqdefault.jpg,2021-06-01 21:00:09,2021-06-12 12:00:00,2021-06-12 12:00:00
45,-xd2Fs3V4lE,大人より大人、自称“大大人”の桃鈴先生【桃鈴ねね/切り抜き】,https://www.youtube.com/watch?v=-xd2Fs3V4lE,27764,http://img.youtube.com/vi/-xd2Fs3V4lE/hqdefault.jpg,2021-04-04 10:16:18,2021-06-12 12:00:00,2021-06-12 12:00:00
46,GvKFwu7aM2c,ねねちとのイチャコラちゅっちゅでガチ照れするリスin魔王城【ホロライブID切り抜き/アユンダ・リス/桃鈴ねね/日本語翻訳】,https://www.youtube.com/watch?v=GvKFwu7aM2c,27496,http://img.youtube.com/vi/GvKFwu7aM2c/hqdefault.jpg,2021-03-05 10:39:26,2021-06-12 12:00:00,2021-06-12 12:00:00
47,ctX7eKXcPqg,【桃鈴ねね】桃鈴ねねには夢がある【切り抜き/ホロライブ】,https://www.youtube.com/watch?v=ctX7eKXcPqg,26986,http://img.youtube.com/vi/ctX7eKXcPqg/hqdefault.jpg,2020-11-27 10:00:11,2021-06-12 12:00:00,2021-06-12 12:00:00
48,fsqPU0L5ur0,冗談のつもりが突然スパチャ祭りが始まってしまって困惑するねねち【桃鈴ねね】【切り抜き/ホロライブ】,https://www.youtube.com/watch?v=fsqPU0L5ur0,27664,http://img.youtube.com/vi/fsqPU0L5ur0/hqdefault.jpg,2021-05-12 11:00:12,2021-06-12 12:00:00,2021-06-12 12:00:00
49,B6Ldt77Z9Fc,メサ直通のねねロードを頑張って作るもエリトラに敗北して泣くねねち【マイクラ/ホロライブ5期生/切り抜き/桃鈴ねね】,https://www.youtube.com/watch?v=B6Ldt77Z9Fc,27126,http://img.youtube.com/vi/B6Ldt77Z9Fc/hqdefault.jpg,2021-05-21 0:07:06,2021-06-12 12:00:00,2021-06-12 12:00:00
50,WZinP_u0Whw,【ホロライブ切り抜き】ねねちの脱毛事情の暴露にブチギレるラミィ【桃鈴ねね/雪花ラミィ】,https://www.youtube.com/watch?v=WZinP_u0Whw,26338,http://img.youtube.com/vi/WZinP_u0Whw/hqdefault.jpg,2021-06-08 21:02:56,2021-06-12 12:00:00,2021-06-12 12:00:00
51,_Kcw0qkHqyg,西沢5㍉ママから明かされる、ねねちも知らなかった衝撃の秘密【ホロライブ/桃鈴ねね/切り抜き】,https://www.youtube.com/watch?v=-r0TtDd3V78,36331,http://img.youtube.com/vi/-r0TtDd3V78/hqdefault.jpg,2021-04-12 13:36:36,2021-06-12 12:00:00,2021-06-12 12:00:00
52,wYuUu0W4x4A,【雪花ラミィ/桃鈴ねね】難解なパズルにパンク寸前「えぇ？ん？え？くぁwせdrftgyふじこlp」【切り抜き/ホロライブ】,https://www.youtube.com/watch?v=_Kcw0qkHqyg,18088,http://img.youtube.com/vi/_Kcw0qkHqyg/hqdefault.jpg,2021-04-12 10:31:03,2021-06-12 12:00:00,2021-06-12 12:00:00
53,lTqDidTsPKY,桃鈴ねね、まさかの｢左右｣に大苦戦【雪花ラミィ/ホロライブ/切り抜き/5期生】,https://www.youtube.com/watch?v=wYuUu0W4x4A,1458,http://img.youtube.com/vi/wYuUu0W4x4A/hqdefault.jpg,2021-04-12 10:13:35,2021-06-12 12:00:00,2021-06-12 12:00:00
54,lRVf-3B2On8,"【おっぺぇ】ねねちが紹介する""育乳マッサージ""に興味津々のかなたんはボインボイン【天音かなた/桃鈴ねね/ホロライブ 切り抜き】",https://www.youtube.com/watch?v=u-nnF-UYPTY,30596,http://img.youtube.com/vi/u-nnF-UYPTY/hqdefault.jpg,2021-04-12 9:01:00,2021-06-12 12:00:00,2021-06-12 12:00:00
55,M7n8AhxHc1E,ねねガチャのラッキーアイテムw【ホロライブ切り抜き/桃鈴ねね】,https://www.youtube.com/watch?v=lTqDidTsPKY,3332,http://img.youtube.com/vi/lTqDidTsPKY/hqdefault.jpg,2021-04-11 11:40:30,2021-06-12 12:00:00,2021-06-12 12:00:00
56,3-bwmmk0gUc,【モンハン】ねねちの音声入力式モンハンが新感覚すぎる！【桃鈴ねね】【切り抜き/ホロライブ/MHR】,https://www.youtube.com/watch?v=lRVf-3B2On8,8497,http://img.youtube.com/vi/lRVf-3B2On8/hqdefault.jpg,2021-04-10 12:00:32,2021-06-12 12:00:00,2021-06-12 12:00:00
57,ogAR6apH2Q0,【桃鈴ねね】事案発生厄介ねねおじ「俺がハントしてやるからさ☆」【切り抜き/ホロライブ】,https://www.youtube.com/watch?v=M7n8AhxHc1E,18145,http://img.youtube.com/vi/M7n8AhxHc1E/hqdefault.jpg,2021-04-10 7:41:46,2021-06-12 12:00:00,2021-06-12 12:00:00
58,eElnRbFCvZ4,【桃鈴ねね】漢字よわよわなねねち、読めない１つの原因がMHR中に明らかになる【ホロライブ切り抜き】,https://www.youtube.com/watch?v=3-bwmmk0gUc,8907,http://img.youtube.com/vi/3-bwmmk0gUc/hqdefault.jpg,2021-04-08 12:20:27,2021-06-12 12:00:00,2021-06-12 12:00:00
59,kVWcVl3B-eg,【モンハン】よもぎちゃんが可愛すぎてねねおじ化してしまうねねち【桃鈴ねね】【切り抜き/ホロライブ/MHR】,https://www.youtube.com/watch?v=ogAR6apH2Q0,2534,http://img.youtube.com/vi/ogAR6apH2Q0/hqdefault.jpg,2021-04-08 11:00:15,2021-06-12 12:00:00,2021-06-12 12:00:00
60,Ybfc9byJgZM,【桃鈴ねね】が自キャラの笑いにツボり初めてつられ笑いしてるところ見てるだけで笑える幸せ動画,https://www.youtube.com/watch?v=eElnRbFCvZ4,39466,http://img.youtube.com/vi/eElnRbFCvZ4/hqdefault.jpg,2021-04-08 2:00:03,2021-06-12 12:00:00,2021-06-12 12:00:00
61,b0ZzdKkpw-g,【ホロライブ切り抜き】ステーキ&グリルBOTAN（仮）を見た反応まとめ【兎田ぺこら/角巻わため/桃鈴ねね/獅白ぼたん/hololive】,https://www.youtube.com/watch?v=kVWcVl3B-eg,105096,http://img.youtube.com/vi/kVWcVl3B-eg/hqdefault.jpg,2021-04-07 15:24:42,2021-06-12 12:00:00,2021-06-12 12:00:00
62,n_gZxPH-CR4,天才【桃鈴ねね】のモンハンで学ぶ漢字講座【ホロライブ/切り抜き】,https://www.youtube.com/watch?v=Ybfc9byJgZM,17790,http://img.youtube.com/vi/Ybfc9byJgZM/hqdefault.jpg,2021-04-06 21:30:03,2021-06-12 12:00:00,2021-06-12 12:00:00
63,MHBjkWBYzro,誕生日プレゼントも買えなかったねねちが、みんなのおかげで親孝行できた話【桃鈴ねね】【切り抜き/ホロライブ】,https://www.youtube.com/watch?v=b0ZzdKkpw-g,8784,http://img.youtube.com/vi/b0ZzdKkpw-g/hqdefault.jpg,2021-04-06 11:00:25,2021-06-12 12:00:00,2021-06-12 12:00:00
64,WJpTww1Hjgw,【MHR】難読漢字VSスーパーねねち【桃鈴ねね/ホロライブ切り抜き】,https://www.youtube.com/watch?v=n_gZxPH-CR4,197564,http://img.youtube.com/vi/n_gZxPH-CR4/hqdefault.jpg,2021-04-05 22:00:27,2021-06-12 12:00:00,2021-06-12 12:00:00
65,cMiDfm_ro2A,《ホロライブ》桃鈴ねね目覚ましボイス【ホロライブ切り抜き/桃鈴ねね】,https://www.youtube.com/watch?v=MHBjkWBYzro,155,http://img.youtube.com/vi/MHBjkWBYzro/hqdefault.jpg,2021-04-05 11:16:04,2021-06-12 12:00:00,2021-06-12 12:00:00
66,cQbJi384QmQ,獅白ぼたんのシャンプーを問い詰める桃鈴ねねと角巻わためが息ピッタリおじさん’s【ホロライブ/切り抜き/5期生】,https://www.youtube.com/watch?v=WJpTww1Hjgw,85085,http://img.youtube.com/vi/WJpTww1Hjgw/hqdefault.jpg,2021-04-05 9:36:56,2021-06-12 12:00:00,2021-06-12 12:00:00
67,pIg6SfuoWSg,大人より大人、自称“大大人”の桃鈴先生【桃鈴ねね/切り抜き】,https://www.youtube.com/watch?v=-xd2Fs3V4lE,27765,http://img.youtube.com/vi/-xd2Fs3V4lE/hqdefault.jpg,2021-04-04 10:16:18,2021-06-12 12:00:00,2021-06-12 12:00:00
68,JthvKOwz9WQ,有識者とプロレスするねねちが面白い【桃鈴ねね/ホロライブ切り抜き】,https://www.youtube.com/watch?v=H7qPqRYIlBs,36032,http://img.youtube.com/vi/H7qPqRYIlBs/hqdefault.jpg,2021-04-04 9:00:05,2021-06-12 12:00:00,2021-06-12 12:00:00
69,nBRvkf8PU6E,ToLOVEる...【桃鈴ねね/ホロライブ切り抜き】,https://www.youtube.com/watch?v=cMiDfm_ro2A,2518,http://img.youtube.com/vi/cMiDfm_ro2A/hqdefault.jpg,2021-04-04 1:30:02,2021-06-12 12:00:00,2021-06-12 12:00:00
70,-TV_9TfRn4Q,【ホロライブ 切り抜き】マイクラ突発コラボ～桃鈴ねね爆破編～【獅白ぼたん/角巻わため】,https://www.youtube.com/watch?v=cQbJi384QmQ,1892,http://img.youtube.com/vi/cQbJi384QmQ/hqdefault.jpg,2021-04-03 21:50:56,2021-06-12 12:00:00,2021-06-12 12:00:00
71,K1f_PMcw_34,【複数視点同時進行】ぺこランドで遊ぶ桃鈴ねねを見守る獅白ぼたんと角巻わため 【獅白ぼたん、角巻わため、桃鈴ねね】【切り抜き】,https://www.youtube.com/watch?v=pIg6SfuoWSg,1804,http://img.youtube.com/vi/pIg6SfuoWSg/hqdefault.jpg,2021-04-03 21:32:11,2021-06-12 12:00:00,2021-06-12 12:00:00
72,RnEywnxQs_w,【ホロライブ切り抜き】わため、ししろんが見守る中ぺこランドで6人目の犠牲者が発生【獅白ぼたん/桃鈴ねね/角巻わため/hololive】,https://www.youtube.com/watch?v=JthvKOwz9WQ,120082,http://img.youtube.com/vi/JthvKOwz9WQ/hqdefault.jpg,2021-04-03 18:45:10,2021-06-12 12:00:00,2021-06-12 12:00:00
73,prnKaf4J6S4,麺屋ぼたんで何かの肉と合挽きにされていることを知り、最終的に桃鈴ねねの脇水をペロペロする角巻わため【ホロライブ切り抜き】,https://www.youtube.com/watch?v=nBRvkf8PU6E,64225,http://img.youtube.com/vi/nBRvkf8PU6E/hqdefault.jpg,2021-04-03 17:54:46,2021-06-12 12:00:00,2021-06-12 12:00:00
74,OsJORle2NW0,【さくらみこ】絶対に押してはいけないスイッチを押してしまった結果【桃鈴ねね】【切り抜き/ホロライブ】,https://www.youtube.com/watch?v=-TV_9TfRn4Q,364,http://img.youtube.com/vi/-TV_9TfRn4Q/hqdefault.jpg,2021-04-03 11:00:01,2021-06-12 12:00:00,2021-06-12 12:00:00
75,fKy0ALggEz4,堂々と「た○きん」と言い放つ、ねねち【桃鈴ねね 切り抜き】,https://www.youtube.com/watch?v=K1f_PMcw_34,1689,http://img.youtube.com/vi/K1f_PMcw_34/hqdefault.jpg,2021-04-02 16:42:47,2021-06-12 12:00:00,2021-06-12 12:00:00
76,-xpVbks_uyY,絶対作れるガイドブック通りに作れなくて発狂するねねち【桃鈴ねね/ホロライブ/切り抜き】,https://www.youtube.com/watch?v=RnEywnxQs_w,10443,http://img.youtube.com/vi/RnEywnxQs_w/hqdefault.jpg,2021-04-01 0:17:20,2021-06-12 12:00:00,2021-06-12 12:00:00
77,3vqIxebv0KA,【紫咲シオン/桃鈴ねね】新旧クソガキ初接触2人ともコミュ障で「マジで空気がやばかった」【切り抜き/ホロライブ】,https://www.youtube.com/watch?v=prnKaf4J6S4,219273,http://img.youtube.com/vi/prnKaf4J6S4/hqdefault.jpg,2021-03-31 22:40:06,2021-06-12 12:00:00,2021-06-12 12:00:00
78,PxRGN2KmVBI,【両視点】マブダチになった桃鈴ねねと紫咲シオン【ホロライブ/切り抜き】,https://www.youtube.com/watch?v=OsJORle2NW0,11230,http://img.youtube.com/vi/OsJORle2NW0/hqdefault.jpg,2021-03-31 19:13:37,2021-06-12 12:00:00,2021-06-12 12:00:00
79,BaMSqgQahjQ,ねねちの『空気読み。3』面白可愛いリアクション11分まとめ！【桃鈴ねね／ホロライブ5期生】,https://www.youtube.com/watch?v=fKy0ALggEz4,22307,http://img.youtube.com/vi/fKy0ALggEz4/hqdefault.jpg,2021-03-31 4:56:22,2021-06-12 12:00:00,2021-06-12 12:00:00
80,hIrNyt_NKWY,3Dに期待大！ししろんも驚くねねちのダンスレッスン！【桃鈴ねね】【切り抜き/ホロライブ】,https://www.youtube.com/watch?v=-xpVbks_uyY,14627,http://img.youtube.com/vi/-xpVbks_uyY/hqdefault.jpg,2021-03-29 14:00:01,2021-06-12 12:00:00,2021-06-12 12:00:00
81,Nvb-kWdA5D4,ラミポル＆ねねぼたの就寝シーン比較【桃鈴ねね/尾丸ポルカ/雪花ラミィ/獅白ぼたん/ホロライブ/切り抜き】,https://www.youtube.com/watch?v=3vqIxebv0KA,49580,http://img.youtube.com/vi/3vqIxebv0KA/hqdefault.jpg,2021-03-29 8:09:26,2021-06-12 12:00:00,2021-06-12 12:00:00
82,vKer7eY7KzY,ねねぼたてぇてぇ？ししろんとねねちが夜を一緒に‥‥【獅白ぼたん切り抜き】【桃鈴ねね切り抜き】,https://www.youtube.com/watch?v=PxRGN2KmVBI,329,http://img.youtube.com/vi/PxRGN2KmVBI/hqdefault.jpg,2021-03-28 9:18:06,2021-06-12 12:00:00,2021-06-12 12:00:00
83,W5KggmBBU1Q,【桃鈴ねね】スンスンッ！何か部屋が臭い「ダンスシューズほかっといたからだｗ」【切り抜き/ホロライブ】,https://www.youtube.com/watch?v=BaMSqgQahjQ,76632,http://img.youtube.com/vi/BaMSqgQahjQ/hqdefault.jpg,2021-03-26 22:08:18,2021-06-12 12:00:00,2021-06-12 12:00:00
84,8uh9KVVpQq8,【桃鈴ねね】Stardew Valleyで撮れ高を稼ぐねねちと横でゲラるししろん【獅白ぼたん/ホロライブ切り抜き】,https://www.youtube.com/watch?v=hIrNyt_NKWY,239574,http://img.youtube.com/vi/hIrNyt_NKWY/hqdefault.jpg,2021-03-26 20:58:38,2021-06-12 12:00:00,2021-06-12 12:00:00
85,0gIomzrUgJs,【ホロライブ切り抜き】油断して他枠に生活音を流してしまうポルカ【尾丸ポルカ・獅白ぼたん・桃鈴ねね・雪花ラミィ】,https://www.youtube.com/watch?v=Nvb-kWdA5D4,98693,http://img.youtube.com/vi/Nvb-kWdA5D4/hqdefault.jpg,2021-03-26 19:30:44,2021-06-12 12:00:00,2021-06-12 12:00:00
86,Dtlx1cYV0tI,"【例の問題まとめ】一人だけクソガキ感がハンパないねねちwww【雪花ラミィ,獅白ぼたん,尾丸ポルカ,桃鈴ねね,五期生切り抜き】",https://www.youtube.com/watch?v=vKer7eY7KzY,60933,http://img.youtube.com/vi/vKer7eY7KzY/hqdefault.jpg,2021-03-25 16:58:22,2021-06-12 12:00:00,2021-06-12 12:00:00
87,z-ICK24TyGM,【桃鈴ねね】ラミィ水が違法になったので代替え商品「直取り搾りたてねねの天然脇水サーバー！！」【切り抜き/ホロライブ】,https://www.youtube.com/watch?v=W5KggmBBU1Q,18406,http://img.youtube.com/vi/W5KggmBBU1Q/hqdefault.jpg,2021-03-25 15:39:48,2021-06-12 12:00:00,2021-06-12 12:00:00
88,wFK_FzHmSpI,【空気読み。3】反応がキッズの桃鈴ねねまとめ【桃鈴ねね】【切り抜き】,https://www.youtube.com/watch?v=8uh9KVVpQq8,923,http://img.youtube.com/vi/8uh9KVVpQq8/hqdefault.jpg,2021-03-25 15:30:00,2021-06-12 12:00:00,2021-06-12 12:00:00
89,Z2aDx1-tuZo,桃鈴ねねの配信での行動がクソガキ過ぎて、大空スバルに逮捕される【ホロライブ切り抜き】,https://www.youtube.com/watch?v=0gIomzrUgJs,186987,http://img.youtube.com/vi/0gIomzrUgJs/hqdefault.jpg,2021-03-25 0:00:01,2021-06-12 12:00:00,2021-06-12 12:00:00
90,milQKlaeneI,【桃鈴ねね /大空スバル】大空警察にクソガキ罪で逮捕されてしまう桃鈴ねね【ホロライブ/切り抜き】,https://www.youtube.com/watch?v=Dtlx1cYV0tI,153249,http://img.youtube.com/vi/Dtlx1cYV0tI/hqdefault.jpg,2021-03-24 13:33:52,2021-06-12 12:00:00,2021-06-12 12:00:00
91,Tf5T_kdaMs0,ねっ子「ねねシコ許可して？」ねねち「事後報告して下さい！」【桃鈴ねね 切り抜き】,https://www.youtube.com/watch?v=z-ICK24TyGM,164485,http://img.youtube.com/vi/z-ICK24TyGM/hqdefault.jpg,2021-03-24 1:35:28,2021-06-12 12:00:00,2021-06-12 12:00:00
92,8x3jrgxCjlI,切り抜きについてちょこっとだけ【桃鈴ねね/ホロライブ切り抜き】,https://www.youtube.com/watch?v=wFK_FzHmSpI,1295,http://img.youtube.com/vi/wFK_FzHmSpI/hqdefault.jpg,2021-03-23 9:00:11,2021-06-12 12:00:00,2021-06-12 12:00:00
93,rghGbt4XT7w,【桐生ココ/猫又おかゆ】海外ニキの中でねねのハズバンドコレクションが浸透してきた！？【桃鈴ねね】【切り抜き/ホロライブ】,https://www.youtube.com/watch?v=Z2aDx1-tuZo,10366,http://img.youtube.com/vi/Z2aDx1-tuZo/hqdefault.jpg,2021-03-22 11:00:12,2021-06-12 12:00:00,2021-06-12 12:00:00
94,6x4dW559jBA,「かわいそう可愛いがこんなに似合う子いるんだ」って思われているねねち【桃鈴ねね／鬼灯わらべ】【切り抜き/ホロライブ】,https://www.youtube.com/watch?v=milQKlaeneI,14057,http://img.youtube.com/vi/milQKlaeneI/hqdefault.jpg,2021-03-20 11:30:30,2021-06-12 12:00:00,2021-06-12 12:00:00
95,bjjQ8ctppG4,ヤンデレねねち【桃鈴ねね 切り抜き】,https://www.youtube.com/watch?v=Tf5T_kdaMs0,1020,http://img.youtube.com/vi/Tf5T_kdaMs0/hqdefault.jpg,2021-03-18 15:15:02,2021-06-12 12:00:00,2021-06-12 12:00:00
96,jwPSRi9aAs0,ねねち「オタクくんさぁ…」【桃鈴ねね 切り抜き】,https://www.youtube.com/watch?v=8x3jrgxCjlI,415,http://img.youtube.com/vi/8x3jrgxCjlI/hqdefault.jpg,2021-03-18 4:00:03,2021-06-12 12:00:00,2021-06-12 12:00:00
97,uzP32QdTYXE,ねねちネーミングセンス炸裂②【桃鈴ねね切り抜き】【ホロライブ切り抜き】,https://www.youtube.com/watch?v=rghGbt4XT7w,2346,http://img.youtube.com/vi/rghGbt4XT7w/hqdefault.jpg,2021-03-18 3:49:07,2021-06-12 12:00:00,2021-06-12 12:00:00
98,WbS3Z8RFWX8,回線不調で音がほとんど乗らない【桃鈴ねね】、ミュートせずに鼻をかんだりうんぴっぴソングを歌うもアーカイブにしっかり保存されているｗ【ホロライブ/切り抜き】,https://www.youtube.com/watch?v=6x4dW559jBA,3069,http://img.youtube.com/vi/6x4dW559jBA/hqdefault.jpg,2021-03-16 17:13:08,2021-06-12 12:00:00,2021-06-12 12:00:00
99,39esJoTCgEU,【桃鈴ねね】YouTubeがぐるぐるしてる間に鼻かみ音や品のない言葉を連呼したアーカイブを残してしまうねねち【ホロライブ切り抜き】,https://www.youtube.com/watch?v=bjjQ8ctppG4,3505,http://img.youtube.com/vi/bjjQ8ctppG4/hqdefault.jpg,2021-03-16 13:30:35,2021-06-12 12:00:00,2021-06-12 12:00:00
100,gxY5XP2OKvU,【桃鈴ねね】ぐるぐる枠で何も聞こえないのを逆手に取り最強になるねねち「ミュート無しで一発鼻でもかんでやるか！」【切り抜き/ホロライブ】,https://www.youtube.com/watch?v=jwPSRi9aAs0,86857,http://img.youtube.com/vi/jwPSRi9aAs0/hqdefault.jpg,2021-03-16 13:01:14,2021-06-12 12:00:00,2021-06-12 12:00:00
101,Iie5wFPN8uA,クリアファイルゲット出来ましたか？【桃鈴ねね】【切り抜き/ホロライブ】,https://www.youtube.com/watch?v=LgHqji2apog,33393,http://img.youtube.com/vi/LgHqji2apog/hqdefault.jpg,2021-05-13 11:00:08,2021-06-12 12:00:00,2021-06-12 12:00:00
102,IWy0vVLS5oM,【桃鈴ねね/尾丸ポルカ】ショートアニメ-ねっ子4個目-CV 桃鈴ねね/尾丸ポルカ【切り抜き/ホロライブ】,https://www.youtube.com/watch?v=uzP32QdTYXE,32045,http://img.youtube.com/vi/uzP32QdTYXE/hqdefault.jpg,2021-01-29 22:39:26,2021-06-12 12:00:00,2021-06-12 12:00:00
103,9O2tfc2AYks,突然始まる修学旅行シチュエーションボイスの質感がすごい桃鈴ねね【ホロライブ/切り抜き】,https://www.youtube.com/watch?v=WbS3Z8RFWX8,32692,http://img.youtube.com/vi/WbS3Z8RFWX8/hqdefault.jpg,2021-05-30 8:00:13,2021-06-12 12:00:00,2021-06-12 12:00:00
104,ptKlNJ5-wT8,"【アニソン(ハルヒ)】ねねちゃんの""God knows..."" がカッコよすぎぃ!!歌中に20万人を突破おめでたい!!【桃鈴ねね × 平野綾】",https://www.youtube.com/watch?v=GfmYfoH9A2E,31538,http://img.youtube.com/vi/GfmYfoH9A2E/hqdefault.jpg,2020-09-12 0:36:49,2021-06-12 12:00:00,2021-06-12 12:00:00
105,xXLXXvkveiQ,偏食の桃鈴ねねにサラダを押し付けられる雪花ラミィ【ホロライブ切り抜き】,https://www.youtube.com/watch?v=zX1mE6gqb2E,31214,http://img.youtube.com/vi/zX1mE6gqb2E/hqdefault.jpg,2021-01-21 10:57:16,2021-06-12 12:00:00,2021-06-12 12:00:00
106,Tj3DXNMeMCg,【雪花ラミィ 桃鈴ねね】ラミィおじさんとねねワンのHuman Fall Flatまとめ【ホロライブ切り抜き】,https://www.youtube.com/watch?v=OaYZfkinZVM,31331,http://img.youtube.com/vi/OaYZfkinZVM/hqdefault.jpg,2020-11-20 3:58:01,2021-06-12 12:00:00,2021-06-12 12:00:00
107,8bWFSvigcqI,桃鈴ねねが教える「アイドルがする事しない事」【ほろふぁいぶ/ホロライブ5期生/切り抜き】,https://www.youtube.com/watch?v=W2BevGBmZwA,30902,http://img.youtube.com/vi/W2BevGBmZwA/hqdefault.jpg,2020-12-21 6:50:09,2021-06-12 12:00:00,2021-06-12 12:00:00
108,MiSURRMqSG0,"【おっぺぇ】ねねちが紹介する""育乳マッサージ""に興味津々のかなたんはボインボイン【天音かなた/桃鈴ねね/ホロライブ 切り抜き】",https://www.youtube.com/watch?v=u-nnF-UYPTY,30491,http://img.youtube.com/vi/u-nnF-UYPTY/hqdefault.jpg,2021-04-12 9:01:00,2021-06-12 12:00:00,2021-06-12 12:00:00
109,QvYX0u4ziOo,ねねにエロのお手本をみせるトワ様【桃鈴ねね/常闇トワ】【切り抜き/ホロライブ】,https://www.youtube.com/watch?v=61TWrlucUCg,30640,http://img.youtube.com/vi/61TWrlucUCg/hqdefault.jpg,2021-04-23 14:00:03,2021-06-12 12:00:00,2021-06-12 12:00:00
110,nmMunbJMzWA,【桃鈴ねね、雪花ラミィ】徐々に本性を見せ始める桃鈴ねね 前編【切り抜き】,https://www.youtube.com/watch?v=uR8McCM3cas,30092,http://img.youtube.com/vi/uR8McCM3cas/hqdefault.jpg,2020-09-23 10:32:14,2021-06-12 12:00:00,2021-06-12 12:00:00
111,SjYK-zroaRs,ねねちの悲惨すぎる台所事情【桃鈴ねね 切り抜き】,https://www.youtube.com/watch?v=gb0us40om_U,30298,http://img.youtube.com/vi/gb0us40om_U/hqdefault.jpg,2021-02-12 1:00:06,2021-06-12 12:00:00,2021-06-12 12:00:00
112,CSuPY7HsSmE,【桃鈴ねね】ショートアニメ-ねっ子2個目-CV 桃鈴ねね【切り抜き/ホロライブ】,https://www.youtube.com/watch?v=uWq_ICAzywI,29798,http://img.youtube.com/vi/uWq_ICAzywI/hqdefault.jpg,2021-01-28 14:23:18,2021-06-12 12:00:00,2021-06-12 12:00:00
113,ehQsyiZmipw,ついに発表することが出来た【ねね3D】に感極まり、そこから歌ったコネクトがあまりにもエモすぎた【桃鈴ねね】【ホロライブ/切り抜き】,https://www.youtube.com/watch?v=3heIAAhbrPc,29548,http://img.youtube.com/vi/3heIAAhbrPc/hqdefault.jpg,2021-04-13 13:40:10,2021-06-12 12:00:00,2021-06-12 12:00:00
114,Vjx7tHyEaDQ,【桃鈴ねね】雪花ラミィにセンシティブな声をお願いするタオリン【ホロライブ5期生切り抜き】,https://www.youtube.com/watch?v=wXusL2cKLL0,29289,http://img.youtube.com/vi/wXusL2cKLL0/hqdefault.jpg,2020-08-14 9:30:08,2021-06-12 12:00:00,2021-06-12 12:00:00
115,axP4mJmxNlg,【桃鈴ねね】深い闇が感じられる桃鈴ねね【切り抜き】,https://www.youtube.com/watch?v=c9_S-Jkt4Yw,29168,http://img.youtube.com/vi/c9_S-Jkt4Yw/hqdefault.jpg,2020-09-03 12:00:28,2021-06-12 12:00:00,2021-06-12 12:00:00
116,6UWzpdaW9OM,先輩について語る桃鈴ねね【ホロライブ】(hololive 切り抜き 雑談 赤井はあと 夜空メル 宝鐘マリン   五期生 雪花ラミィ),https://www.youtube.com/watch?v=tnH0kKd44Mw,28955,http://img.youtube.com/vi/tnH0kKd44Mw/hqdefault.jpg,2020-08-18 11:51:27,2021-06-12 12:00:00,2021-06-12 12:00:00
117,Qew2t6NxzK0,【雪花ラミィ】桃鈴ねねのだぼだぼパンツに警鐘を鳴らすパンツ杞憂民の雪花ラミィ【切り抜き/ホロライブ】,https://www.youtube.com/watch?v=JjK2U9w-o6k,28977,http://img.youtube.com/vi/JjK2U9w-o6k/hqdefault.jpg,2021-04-25 0:54:13,2021-06-12 12:00:00,2021-06-12 12:00:00
118,XhtDs8wY0A4,【桃鈴ねね】胸元センシティブだからねっ子で隠して「おいおい、おっぱいがセンシティブだと誰が決めた！」【切り抜き/ホロライブ】,https://www.youtube.com/watch?v=XszJ2KXUQsc,28510,http://img.youtube.com/vi/XszJ2KXUQsc/hqdefault.jpg,2021-02-01 23:54:15,2021-06-12 12:00:00,2021-06-12 12:00:00
119,7IKyBPEzKJg,【5/31】ホロライブの昨日の見所まとめてみました【常闇トワ・天音かなた・白銀ノエル・潤羽るしあ・夏色まつり・桃鈴ねね・兎田ぺこら・桐生ココ・アキロゼ・猫又おかゆ・さくらみこ/ホロライブ切り抜き】,https://www.youtube.com/watch?v=39esJoTCgEU,28771,http://img.youtube.com/vi/39esJoTCgEU/hqdefault.jpg,2021-06-01 2:12:20,2021-06-12 12:00:00,2021-06-12 12:00:00
120,O6yesnJmxAk,桃鈴ねねの3Dお披露目まとめ【ホロライブ】,https://www.youtube.com/watch?v=wetgW2GCUZQ,28559,http://img.youtube.com/vi/wetgW2GCUZQ/hqdefault.jpg,2021-04-18 23:00:10,2021-06-12 12:00:00,2021-06-12 12:00:00
121,EReMXqp-mHs,やっぱりトワ様のコメントがＴＭＴ過ぎる！！！！！【桃鈴ねね/常闇トワ】【切り抜き/ホロライブ】,https://www.youtube.com/watch?v=rnqWK2Ik8RM,28283,http://img.youtube.com/vi/rnqWK2Ik8RM/hqdefault.jpg,2021-05-10 9:00:28,2021-06-12 12:00:00,2021-06-12 12:00:00
122,7eO3IXU8kj0,間を持たすために「面白い話」をするねねちと神フォローするぼたん【桃鈴ねね/雪花ラミィ/獅白ぼたん/尾丸ポルカ】【切り抜き/ホロライブ】,https://www.youtube.com/watch?v=gxY5XP2OKvU,28596,http://img.youtube.com/vi/gxY5XP2OKvU/hqdefault.jpg,2021-05-07 11:00:30,2021-06-12 12:00:00,2021-06-12 12:00:00
123,APk1acmJw0E,いい場面でねねちのどうでもいいディスコが来て雰囲気がぶち壊されるラミィ【雪花ラミィ/桃鈴ねね/ホロライブ/切り抜き】,https://www.youtube.com/watch?v=ZgDb0KRRU-M,28180,http://img.youtube.com/vi/ZgDb0KRRU-M/hqdefault.jpg,2021-04-25 22:38:06,2021-06-12 12:00:00,2021-06-12 12:00:00
124,-PcNSTSI2Wo,【桃鈴ねね】桃鈴ねねには夢がある【切り抜き/ホロライブ】,https://www.youtube.com/watch?v=ctX7eKXcPqg,26980,http://img.youtube.com/vi/ctX7eKXcPqg/hqdefault.jpg,2020-11-27 10:00:11,2021-06-12 12:00:00,2021-06-12 12:00:00
125,tUMTui-uTLA,大人より大人、自称“大大人”の桃鈴先生【桃鈴ねね/切り抜き】,https://www.youtube.com/watch?v=-xd2Fs3V4lE,27180,http://img.youtube.com/vi/-xd2Fs3V4lE/hqdefault.jpg,2021-04-04 10:16:18,2021-06-12 12:00:00,2021-06-12 12:00:00
126,9i4ikSufidQ,冗談のつもりが突然スパチャ祭りが始まってしまって困惑するねねち【桃鈴ねね】【切り抜き/ホロライブ】,https://www.youtube.com/watch?v=fsqPU0L5ur0,25978,http://img.youtube.com/vi/fsqPU0L5ur0/hqdefault.jpg,2021-05-12 11:00:12,2021-06-12 12:00:00,2021-06-12 12:00:00
127,_WktqGt0oWo,たぶんトワ様もびっくり！進化していくねねちのトイレの行き方！【桃鈴ねね】【切り抜き/ホロライブ】,https://www.youtube.com/watch?v=Iie5wFPN8uA,24691,http://img.youtube.com/vi/Iie5wFPN8uA/hqdefault.jpg,2021-03-08 11:00:16,2021-06-12 12:00:00,2021-06-12 12:00:00
128,xjAwGAA4Crk,海外ニキに「ねねおじ」が周知されていることを紹介されてしまうねねち【桃鈴ねね/雪花ラミィ/桐生ココ】【切り抜き/ホロライブ】,https://www.youtube.com/watch?v=IWy0vVLS5oM,25108,http://img.youtube.com/vi/IWy0vVLS5oM/hqdefault.jpg,2021-05-02 11:00:06,2021-06-12 12:00:00,2021-06-12 12:00:00
129,uW3FRjbqmuc,【桃鈴ねね】実はホロオーディションに4回落ちていた裏話を暴露するねね【ホロライブ切り抜き】,https://www.youtube.com/watch?v=9O2tfc2AYks,24699,http://img.youtube.com/vi/9O2tfc2AYks/hqdefault.jpg,2020-10-06 9:00:02,2021-06-12 12:00:00,2021-06-12 12:00:00
130,uJrFnGYCXqs,メサ直通のねねロードを頑張って作るもエリトラに敗北して泣くねねち【マイクラ/ホロライブ5期生/切り抜き/桃鈴ねね】,https://www.youtube.com/watch?v=B6Ldt77Z9Fc,24967,http://img.youtube.com/vi/B6Ldt77Z9Fc/hqdefault.jpg,2021-05-21 0:07:06,2021-06-12 12:00:00,2021-06-12 12:00:00
131,JH-3Xg4LFRY,【桃鈴ねね】鳥さんとねねちのやり取りが癒されます【ホロライブ/切り抜き】,https://www.youtube.com/watch?v=ptKlNJ5-wT8,24674,http://img.youtube.com/vi/ptKlNJ5-wT8/hqdefault.jpg,2021-02-11 8:30:02,2021-06-12 12:00:00,2021-06-12 12:00:00
132,lJMFySuYvt4,【桃鈴ねね】ねねちがステップアップするために必要なこととは！？【切り抜き/ホロライブ】,https://www.youtube.com/watch?v=xXLXXvkveiQ,24239,http://img.youtube.com/vi/xXLXXvkveiQ/hqdefault.jpg,2020-12-28 10:00:13,2021-06-12 12:00:00,2021-06-12 12:00:00
133,aD9qTmIt3Vo,【桃鈴ねね/西沢5ミリ】ねねち抱き枕図案リボンは添えるだけ「剛毛ですねだってｗｗ」【切り抜き/ホロライブ】,https://www.youtube.com/watch?v=Tj3DXNMeMCg,24293,http://img.youtube.com/vi/Tj3DXNMeMCg/hqdefault.jpg,2021-04-12 13:41:51,2021-06-12 12:00:00,2021-06-12 12:00:00
134,chtEo4nermk,【因果応報】イタズラしてたらしっぺ返しをくらってしまうラミィ【雪花ラミィ・桃鈴ねね/ホロライブ切り抜き】,https://www.youtube.com/watch?v=8bWFSvigcqI,24161,http://img.youtube.com/vi/8bWFSvigcqI/hqdefault.jpg,2020-12-01 23:00:43,2021-06-12 12:00:00,2021-06-12 12:00:00
135,yYnA8pzjV6Q,【桃鈴ねね/夏色まつり】ブラック企業に入社し社長にこき使われる桃鈴ねね【切り抜き/ホロライブ】,https://www.youtube.com/watch?v=MiSURRMqSG0,24084,http://img.youtube.com/vi/MiSURRMqSG0/hqdefault.jpg,2021-04-25 10:03:30,2021-06-12 12:00:00,2021-06-12 12:00:00
136,gxSgkU8qEC8,apexをしてるだけで可愛いねねち【まとめ】【桃鈴ねね/切り抜き】,https://www.youtube.com/watch?v=QvYX0u4ziOo,23330,http://img.youtube.com/vi/QvYX0u4ziOo/hqdefault.jpg,2021-02-13 15:37:08,2021-06-12 12:00:00,2021-06-12 12:00:00
137,bLgIYX6Ippg,【桃鈴ねね】どうしても氷が採りたい桃鈴ねねVSどうしても採られたくない白熊【切り抜き/ホロライブ】,https://www.youtube.com/watch?v=nmMunbJMzWA,23388,http://img.youtube.com/vi/nmMunbJMzWA/hqdefault.jpg,2021-01-20 8:28:40,2021-06-12 12:00:00,2021-06-12 12:00:00
138,pVxw9VEXu4A,【桃鈴ねね】ショートアニメ-ねっ子3個目-CV 桃鈴ねね【切り抜き/ホロライブ】,https://www.youtube.com/watch?v=SjYK-zroaRs,23214,http://img.youtube.com/vi/SjYK-zroaRs/hqdefault.jpg,2021-01-29 0:25:05,2021-06-12 12:00:00,2021-06-12 12:00:00
139,sVvHlEQjI6o,デビュー前からうすうすねねちのポンコツ具合に気づいていたザーママ【西沢５ミリ/ 桃鈴ねね】【切り抜き/ホロライブ】,https://www.youtube.com/watch?v=CSuPY7HsSmE,22953,http://img.youtube.com/vi/CSuPY7HsSmE/hqdefault.jpg,2021-04-14 11:00:03,2021-06-12 12:00:00,2021-06-12 12:00:00
140,rq-Z8bnynkY,【桃鈴ねね】マイクラでも破壊衝動から逃れられない桃鈴ねね【切り抜き】,https://www.youtube.com/watch?v=ehQsyiZmipw,22743,http://img.youtube.com/vi/ehQsyiZmipw/hqdefault.jpg,2020-09-22 21:30:03,2021-06-12 12:00:00,2021-06-12 12:00:00
141,b8dQ0OaML_I,宇宙人狼でなにげに活躍した【桃鈴ねね】と後ろから監視する【獅白ぼたん】,https://www.youtube.com/watch?v=Vjx7tHyEaDQ,22089,http://img.youtube.com/vi/Vjx7tHyEaDQ/hqdefault.jpg,2020-10-16 3:15:00,2021-06-12 12:00:00,2021-06-12 12:00:00
142,7fbdT276xwA,【桃鈴ねね】クッパ城でボコボコにされすぎて徐々に壊れていくねねち「お前のせいだ！うわーんあむあむあむあむにゃーん」【切り抜き/ホロライブ】,https://www.youtube.com/watch?v=axP4mJmxNlg,21442,http://img.youtube.com/vi/axP4mJmxNlg/hqdefault.jpg,2021-02-01 23:03:43,2021-06-12 12:00:00,2021-06-12 12:00:00
143,EnbNRel8kVU,子供舌でかわいい桃鈴ねね【ホロライブ切り抜き】,https://www.youtube.com/watch?v=6UWzpdaW9OM,21367,http://img.youtube.com/vi/6UWzpdaW9OM/hqdefault.jpg,2020-11-04 11:43:38,2021-06-12 12:00:00,2021-06-12 12:00:00
144,tB3A2zoHVPw,【抱腹絶倒】ラミィちゃんの面白いギャグにおかわりを要求するねねち「あの面白いギャグ何だっけラミィ」【切り抜き/ホロライブ】,https://www.youtube.com/watch?v=Qew2t6NxzK0,21410,http://img.youtube.com/vi/Qew2t6NxzK0/hqdefault.jpg,2021-05-27 22:33:24,2021-06-12 12:00:00,2021-06-12 12:00:00
145,cWMSGqsN-zw,【ホロライブ 切り抜き】桃鈴ねねが好きすぎて発情期突入フレン【にじさんじ/フレン/あもあす】,https://www.youtube.com/watch?v=XhtDs8wY0A4,21140,http://img.youtube.com/vi/XhtDs8wY0A4/hqdefault.jpg,2021-02-06 8:13:42,2021-06-12 12:00:00,2021-06-12 12:00:00
146,2_GN-8gtCvs,【桃鈴ねね】ねねCEOの危ない発言まとめ【切り抜き】,https://www.youtube.com/watch?v=7IKyBPEzKJg,21089,http://img.youtube.com/vi/7IKyBPEzKJg/hqdefault.jpg,2020-09-27 0:14:17,2021-06-12 12:00:00,2021-06-12 12:00:00
147,0jfTluFw7MY,【獅白ぼたん、桃鈴ねね】犯行の一部始終を獅白ぼたんに見られていた桃鈴ねね【切り抜き】,https://www.youtube.com/watch?v=O6yesnJmxAk,21059,http://img.youtube.com/vi/O6yesnJmxAk/hqdefault.jpg,2020-09-23 20:00:04,2021-06-12 12:00:00,2021-06-12 12:00:00
148,xX_SYatzP1A,【桃鈴ねね】ねねプロに残業代なんて無いその代わりに「揺らしながら応援する」【切り抜き/ホロライブ】,https://www.youtube.com/watch?v=EReMXqp-mHs,20950,http://img.youtube.com/vi/EReMXqp-mHs/hqdefault.jpg,2021-02-08 22:25:47,2021-06-12 12:00:00,2021-06-12 12:00:00
149,0bP3yhdKS0c,【桃鈴ねね】粉薬はもしゃるもの【切り抜き/ホロライブ】,https://www.youtube.com/watch?v=7eO3IXU8kj0,20636,http://img.youtube.com/vi/7eO3IXU8kj0/hqdefault.jpg,2020-12-13 12:00:01,2021-06-12 12:00:00,2021-06-12 12:00:00
150,6i1o3fdAxhU,【ホロライブ切り抜き】るしあの突発凸待ちに来た船長とねねち【潤羽るしあ/宝鍾マリン/桃鈴ねね】,https://www.youtube.com/watch?v=APk1acmJw0E,20531,http://img.youtube.com/vi/APk1acmJw0E/hqdefault.jpg,2021-03-02 21:40:48,2021-06-12 12:00:00,2021-06-12 12:00:00
151,-WDjdI8iNfU,【桃鈴ねね】YouTubeがぐるぐるしてる間に鼻かみ音や品のない言葉を連呼したアーカイブを残してしまうねねち【ホロライブ切り抜き】,https://www.youtube.com/watch?v=bjjQ8ctppG4,3461,http://img.youtube.com/vi/bjjQ8ctppG4/hqdefault.jpg,2021-03-16 13:30:35,2021-06-12 12:00:00,2021-06-12 12:00:00
152,EWpq6nleBGU,【桃鈴ねね】ぐるぐる枠で何も聞こえないのを逆手に取り最強になるねねち「ミュート無しで一発鼻でもかんでやるか！」【切り抜き/ホロライブ】,https://www.youtube.com/watch?v=jwPSRi9aAs0,85708,http://img.youtube.com/vi/jwPSRi9aAs0/hqdefault.jpg,2021-03-16 13:01:14,2021-06-12 12:00:00,2021-06-12 12:00:00
153,ljhcsmab0m0,切り抜きについて触れるねねち【桃鈴ねね 切り抜き】,https://www.youtube.com/watch?v=-PcNSTSI2Wo,1350,http://img.youtube.com/vi/-PcNSTSI2Wo/hqdefault.jpg,2021-03-16 5:15:32,2021-06-12 12:00:00,2021-06-12 12:00:00
154,JbSU3h1dMUg,ねねち個性的ネーミングセンス①【桃鈴ねね切り抜き】【ホロライブ切り抜き】,https://www.youtube.com/watch?v=tUMTui-uTLA,6483,http://img.youtube.com/vi/tUMTui-uTLA/hqdefault.jpg,2021-03-15 15:33:31,2021-06-12 12:00:00,2021-06-12 12:00:00
155,W0NuPVAuHMU,【Cooking Simulator】ねねち×ガスボンベ=大爆発【桃鈴ねね 切り抜き】,https://www.youtube.com/watch?v=9i4ikSufidQ,582,http://img.youtube.com/vi/9i4ikSufidQ/hqdefault.jpg,2021-03-15 4:15:56,2021-06-12 12:00:00,2021-06-12 12:00:00
156,I0MEo93Fn5E,【Cooking Simulator】バグに激しい闘いを挑む桃鈴ねね【桃鈴ねね】【切り抜き】,https://www.youtube.com/watch?v=_WktqGt0oWo,1788,http://img.youtube.com/vi/_WktqGt0oWo/hqdefault.jpg,2021-03-14 14:00:19,2021-06-12 12:00:00,2021-06-12 12:00:00
157,PgiTGcOqxX4,ホロライブ式Englishを覚える、ねねち【桃鈴ねね 切り抜き】,https://www.youtube.com/watch?v=xjAwGAA4Crk,412,http://img.youtube.com/vi/xjAwGAA4Crk/hqdefault.jpg,2021-03-14 9:12:57,2021-06-12 12:00:00,2021-06-12 12:00:00
158,KwBRnYAyjXM,ねねちの学生生活が発覚！【桃鈴ねね】【切り抜き/ホロライブ】,https://www.youtube.com/watch?v=uW3FRjbqmuc,1304,http://img.youtube.com/vi/uW3FRjbqmuc/hqdefault.jpg,2021-03-13 11:00:31,2021-06-12 12:00:00,2021-06-12 12:00:00
159,De3MawCYnvI,ねねちの学生時代の闇【ホロライブ切り抜き・癒月ちょこ・潤羽るしあ・桃鈴ねね・白上フブキ】,https://www.youtube.com/watch?v=uJrFnGYCXqs,2855,http://img.youtube.com/vi/uJrFnGYCXqs/hqdefault.jpg,2021-03-13 9:07:41,2021-06-12 12:00:00,2021-06-12 12:00:00
160,je6FASZQcTU,ねねちのRESTROOM芸をマネする先輩達【桃鈴ねね 白銀ノエル 常闇トワ 切り抜き】,https://www.youtube.com/watch?v=JH-3Xg4LFRY,5025,http://img.youtube.com/vi/JH-3Xg4LFRY/hqdefault.jpg,2021-03-13 5:19:30,2021-06-12 12:00:00,2021-06-12 12:00:00
161,5QRpx3dPS_o,【桃鈴ねね】闇の深い学校生活「生徒指導室の常連だった」【切り抜き/ホロライブ】,https://www.youtube.com/watch?v=lJMFySuYvt4,114444,http://img.youtube.com/vi/lJMFySuYvt4/hqdefault.jpg,2021-03-12 13:38:26,2021-06-12 12:00:00,2021-06-12 12:00:00
162,ZFVTc5gjpHo,クーデターが起きたりヤンチャクラスだったり学生時代の【桃鈴ねね】の闇が深い,https://www.youtube.com/watch?v=aD9qTmIt3Vo,44283,http://img.youtube.com/vi/aD9qTmIt3Vo/hqdefault.jpg,2021-03-12 13:23:20,2021-06-12 12:00:00,2021-06-12 12:00:00
163,tTvJ0czEJiU,潤羽るしあにぶちかましていく桃鈴ねね【潤羽るしあ、桃鈴ねね】【切り抜き】,https://www.youtube.com/watch?v=chtEo4nermk,9582,http://img.youtube.com/vi/chtEo4nermk/hqdefault.jpg,2021-03-12 11:30:04,2021-06-12 12:00:00,2021-06-12 12:00:00
164,9gfQ_wRRIxk,桃鈴ねね語｢どちゃい｣【イナ/ホロライブ/切り抜き】,https://www.youtube.com/watch?v=yYnA8pzjV6Q,1220,http://img.youtube.com/vi/yYnA8pzjV6Q/hqdefault.jpg,2021-03-12 10:25:27,2021-06-12 12:00:00,2021-06-12 12:00:00
165,fML_Q_v-6OM,【ホロライブ切り抜き】つよつよホワイトライオン＆SSRB【雪花ラミィ／桃鈴ねね／尾丸ポルカ／獅白ぼたん】,https://www.youtube.com/watch?v=gxSgkU8qEC8,873,http://img.youtube.com/vi/gxSgkU8qEC8/hqdefault.jpg,2021-03-11 17:23:59,2021-06-12 12:00:00,2021-06-12 12:00:00
166,N6JuHlA-QSA,ねねちがウマ娘をやらないのには深い理由があった！【桃鈴ねね】【切り抜き/ホロライブ】,https://www.youtube.com/watch?v=bLgIYX6Ippg,63072,http://img.youtube.com/vi/bLgIYX6Ippg/hqdefault.jpg,2021-03-09 11:00:11,2021-06-12 12:00:00,2021-06-12 12:00:00
167,_xAY7ihNNWs,お互いの声を欲する星街すいせいと桃鈴ねね【星街すいせい、桃鈴ねね】【切り抜き】,https://www.youtube.com/watch?v=pVxw9VEXu4A,4065,http://img.youtube.com/vi/pVxw9VEXu4A/hqdefault.jpg,2021-03-08 20:30:01,2021-06-12 12:00:00,2021-06-12 12:00:00
168,hJ_-0PGAp7U,【 #桃鈴ねね3D​ 】ねっ子とたわむれるねねちゃんが可愛すぎる！【桃鈴ねね】【切り抜き/ホロライブ】,https://www.youtube.com/watch?v=hJ_-0PGAp7U,7379,http://img.youtube.com/vi/hJ_-0PGAp7U/hqdefault.jpg,2021-04-18 14:00:22,2021-06-12 12:00:00,2021-06-12 12:00:00
169,zxNc47_nJBI,[ホロライブ 切り抜き]桃鈴ねね / 独りんぼエンヴィー（電ポルP） [ホロライブ/ほろふぁいぶ/ボカロ/歌枠/VTuber],https://www.youtube.com/watch?v=zxNc47_nJBI,879,http://img.youtube.com/vi/zxNc47_nJBI/hqdefault.jpg,2020-11-01 13:42:24,2021-06-12 12:00:00,2021-06-12 12:00:00
170,2zV6Q4vx62E,【ホロライブ切り抜き】ねぽらぼの裏での謎のノリが明らかに【雪花ラミィ／桃鈴ねね／獅白ぼたん／尾丸ポルカ】,https://www.youtube.com/watch?v=2zV6Q4vx62E,1684,http://img.youtube.com/vi/2zV6Q4vx62E/hqdefault.jpg,2021-06-07 14:35:57,2021-06-12 12:00:00,2021-06-12 12:00:00
171,GWteuf8xrDg,【雪花ラミィ／桃鈴ねね】こっそりいつものをされるラミィ、がっつりいつものを忘れるねねね【ホロライブ切り抜き】,https://www.youtube.com/watch?v=GWteuf8xrDg,6079,http://img.youtube.com/vi/GWteuf8xrDg/hqdefault.jpg,2021-05-13 22:28:21,2021-06-12 12:00:00,2021-06-12 12:00:00
172,zvFxhGsJE8s,異物混入Rising Hope【桃鈴ねね】【切り抜き/ホロライブ】,https://www.youtube.com/watch?v=zvFxhGsJE8s,1590,http://img.youtube.com/vi/zvFxhGsJE8s/hqdefault.jpg,2021-05-27 11:00:18,2021-06-12 12:00:00,2021-06-12 12:00:00
173,rQ8WGQCT5wg,【桃鈴ねね/雪花ラミィ/ホロライブ切り抜き】欲望を解放しとんでもないおっぺぇを雪花ラミィに生やしてしまう桃鈴ねね,https://www.youtube.com/watch?v=rQ8WGQCT5wg,289,http://img.youtube.com/vi/rQ8WGQCT5wg/hqdefault.jpg,2021-03-23 16:33:15,2021-06-12 12:00:00,2021-06-12 12:00:00
174,A-V4s9m43N8,【ホロライブ切り抜き＠桃鈴ねね/小鳥遊キアラ】ホラー苦手同士！自棄になるキアラに笑いが止まらないねねち,https://www.youtube.com/watch?v=A-V4s9m43N8,2608,http://img.youtube.com/vi/A-V4s9m43N8/hqdefault.jpg,2021-05-15 7:00:04,2021-06-12 12:00:00,2021-06-12 12:00:00
175,Q_GG1hw6RUs,桃鈴ねね、まさかの｢左右｣に大苦戦【雪花ラミィ/ホロライブ/切り抜き/5期生】,https://www.youtube.com/watch?v=wYuUu0W4x4A,1459,http://img.youtube.com/vi/wYuUu0W4x4A/hqdefault.jpg,2021-04-12 10:13:35,2021-06-12 12:00:00,2021-06-12 12:00:00
176,lVjdxj5RcBE,突然視界から消える桃鈴ねね (各々の反応付き)【尾丸ポルカ、獅白ぼたん、桃鈴ねね、雪花ラミィ】【切り抜き】,https://www.youtube.com/watch?v=Q_GG1hw6RUs,8778,http://img.youtube.com/vi/Q_GG1hw6RUs/hqdefault.jpg,2020-12-11 20:45:00,2021-06-12 12:00:00,2021-06-12 12:00:00
177,Prt_IRv1h68,ついに姿を現す桃鈴ねねリスナー(ねっ子)【ホロライブ切り抜き・桃鈴ねね】,https://www.youtube.com/watch?v=lVjdxj5RcBE,12044,http://img.youtube.com/vi/lVjdxj5RcBE/hqdefault.jpg,2021-01-27 14:55:39,2021-06-12 12:00:00,2021-06-12 12:00:00
178,ZmecuSnwDWg,3Dに期待大！ししろんも驚くねねちのダンスレッスン！【桃鈴ねね】【切り抜き/ホロライブ】,https://www.youtube.com/watch?v=-xpVbks_uyY,14634,http://img.youtube.com/vi/-xpVbks_uyY/hqdefault.jpg,2021-03-29 14:00:01,2021-06-12 12:00:00,2021-06-12 12:00:00
179,Z0ehJ1dsfJ4,やはりどＭな桃鈴ねね、ラミィちゃんに罵られご満悦【ホロライブ切り抜き】,https://www.youtube.com/watch?v=Prt_IRv1h68,2992,http://img.youtube.com/vi/Prt_IRv1h68/hqdefault.jpg,2020-11-06 11:42:39,2021-06-12 12:00:00,2021-06-12 12:00:00
180,Dthr_C9zi8U,初コラボが嬉しくて先輩にじゃれつく桃鈴ねね【ホロライブ切り抜き/桃鈴ねね/雪花ラミィ/天音かなた/常闇トワ】,https://www.youtube.com/watch?v=ZmecuSnwDWg,1311,http://img.youtube.com/vi/ZmecuSnwDWg/hqdefault.jpg,2020-09-19 8:10:54,2021-06-12 12:00:00,2021-06-12 12:00:00
181,Rp8G56PmH3Q,初期ポケモン選びで限界化するポケモントレーナーねねちー【桃鈴ねね/ホロライブ切り抜き】,https://www.youtube.com/watch?v=cWMSGqsN-zw,3127,http://img.youtube.com/vi/cWMSGqsN-zw/hqdefault.jpg,2021-03-07 10:00:10,2021-06-12 12:00:00,2021-06-12 12:00:00
182,LCiEp50joZA,ねねちネーミングセンス炸裂②【桃鈴ねね切り抜き】【ホロライブ切り抜き】,https://www.youtube.com/watch?v=rghGbt4XT7w,2346,http://img.youtube.com/vi/rghGbt4XT7w/hqdefault.jpg,2021-03-18 3:49:07,2021-06-12 12:00:00,2021-06-12 12:00:00
183,wYZ9JvZvnJQ,ポルカの事を理解してないねねちゃん【桃鈴ねね/尾丸ポルカ/ホロライブ5期生/切り抜き】,https://www.youtube.com/watch?v=Z0ehJ1dsfJ4,9529,http://img.youtube.com/vi/Z0ehJ1dsfJ4/hqdefault.jpg,2021-02-07 10:23:36,2021-06-12 12:00:00,2021-06-12 12:00:00
184,voxsXM_pQsQ,ピースサイン  ・桃鈴ねね✨【Hololive歌枠切り抜き】✨,https://www.youtube.com/watch?v=Dthr_C9zi8U,24,http://img.youtube.com/vi/Dthr_C9zi8U/hqdefault.jpg,2021-06-01 8:17:22,2021-06-12 12:00:00,2021-06-12 12:00:00
185,kv9UFLRMCyI,【ASMR風】修学旅行の夜ごっこ【桃鈴ねね/切り抜き】,https://www.youtube.com/watch?v=Rp8G56PmH3Q,643,http://img.youtube.com/vi/Rp8G56PmH3Q/hqdefault.jpg,2021-05-29 23:09:22,2021-06-12 12:00:00,2021-06-12 12:00:00
186,GLdeuMx5QUA,【桃鈴ねね/雪花ラミィ】初めて二人で遊びに行ってスパで盛大にのぼせるねねち【ホロライブ/切り抜き】,https://www.youtube.com/watch?v=LCiEp50joZA,735,http://img.youtube.com/vi/LCiEp50joZA/hqdefault.jpg,2021-06-08 20:00:46,2021-06-12 12:00:00,2021-06-12 12:00:00
187,enNwz6wQKmk,【ホロライブ】即興の魔法少女ねねちがカワイくて面白い!【桃鈴ねね/白上フブキ/夏色まつり/常闇トワ/hololive/切り抜き/ホロライブ切り抜き】,https://www.youtube.com/watch?v=wYZ9JvZvnJQ,3192,http://img.youtube.com/vi/wYZ9JvZvnJQ/hqdefault.jpg,2021-06-04 11:46:50,2021-06-12 12:00:00,2021-06-12 12:00:00
188,0fTQ2Qln1mY,※概要欄追記あり【ホロライブ切り抜き】ねぽらぼで一人だけ思い出せないポルカ【桃鈴ねね/尾丸ポルカ/雪花ラミィ/獅白ぼたん】,https://www.youtube.com/watch?v=voxsXM_pQsQ,1042,http://img.youtube.com/vi/voxsXM_pQsQ/hqdefault.jpg,2021-02-24 14:35:21,2021-06-12 12:00:00,2021-06-12 12:00:00
189,ZCwfsa64gCI,Ahoy!! 我ら宝鐘海賊団☆と合わせて見るカラオケ３D配信の可愛い動きまとめ【夏色まつり・白上フブキ・常闇トワ・桃鈴ねね/ホロライブ切り抜き】,https://www.youtube.com/watch?v=kv9UFLRMCyI,147,http://img.youtube.com/vi/kv9UFLRMCyI/hqdefault.jpg,2021-06-05 5:24:15,2021-06-12 12:00:00,2021-06-12 12:00:00
190,-Py8sIOwKtk,みんなを支援したい気持ちが強すぎるねねち【桃鈴ねね 尾丸ポルカ 雪花ラミィ 獅白ぼたん ホロライブ 切り抜き動画】,https://www.youtube.com/watch?v=GLdeuMx5QUA,73,http://img.youtube.com/vi/GLdeuMx5QUA/hqdefault.jpg,2021-06-04 4:49:32,2021-06-12 12:00:00,2021-06-12 12:00:00
191,m8SAZMF7IzA,【ホロライブ/桃鈴ねね】sealnene 可愛く逃げるねねち！Nenechi to run away！！,https://www.youtube.com/watch?v=enNwz6wQKmk,31,http://img.youtube.com/vi/enNwz6wQKmk/hqdefault.jpg,2021-06-06 9:25:04,2021-06-12 12:00:00,2021-06-12 12:00:00
192,azEAEl5kdIw,【複数視点同時進行】ぺこランドで遊ぶ桃鈴ねねを見守る獅白ぼたんと角巻わため 【獅白ぼたん、角巻わため、桃鈴ねね】【切り抜き】,https://www.youtube.com/watch?v=pIg6SfuoWSg,1807,http://img.youtube.com/vi/pIg6SfuoWSg/hqdefault.jpg,2021-04-03 21:32:11,2021-06-12 12:00:00,2021-06-12 12:00:00
193,LexMw5Njh-w,【ホロライブ 夜空メル/桃鈴ねね 切り抜き】メルねね兄弟のスーパーマリオ３Dワールドコラボ珍プレー集,https://www.youtube.com/watch?v=0fTQ2Qln1mY,706,http://img.youtube.com/vi/0fTQ2Qln1mY/hqdefault.jpg,2021-05-23 18:45:38,2021-06-12 12:00:00,2021-06-12 12:00:00
194,8F7ZzPhIrJQ,愛してるゲームが強すぎるねねち【桃鈴ねね/常闇トワ/切り抜き】,https://www.youtube.com/watch?v=ZCwfsa64gCI,2851,http://img.youtube.com/vi/ZCwfsa64gCI/hqdefault.jpg,2021-06-04 16:54:43,2021-06-12 12:00:00,2021-06-12 12:00:00
195,mUJGdHGp7cY,過去に便所飯を経験している桃鈴ねね「ホロライブ/切り抜き」,https://www.youtube.com/watch?v=-Py8sIOwKtk,1578,http://img.youtube.com/vi/-Py8sIOwKtk/hqdefault.jpg,2020-08-21 1:53:31,2021-06-12 12:00:00,2021-06-12 12:00:00
196,2jYwrjhAGvY,【桃鈴ねね】海外ニキにアザラシとの違いを聞かれる桃鈴ねね【ホロライブ切り抜き】,https://www.youtube.com/watch?v=m8SAZMF7IzA,507,http://img.youtube.com/vi/m8SAZMF7IzA/hqdefault.jpg,2021-04-25 10:00:17,2021-06-12 12:00:00,2021-06-12 12:00:00
197,7TB96kJpawI,【桃鈴ねね/３rdLIVE】”Godknows”涼宮ハルヒ【歌配信/ホロライブ切り抜き】,https://www.youtube.com/watch?v=azEAEl5kdIw,51,http://img.youtube.com/vi/azEAEl5kdIw/hqdefault.jpg,2020-09-11 16:34:27,2021-06-12 12:00:00,2021-06-12 12:00:00
198,2bkNMb5xNRw,ねねち、ダンスレッスンに通う！【桃鈴ねね 切り抜き】,https://www.youtube.com/watch?v=N6JuHlA-QSA,259,http://img.youtube.com/vi/N6JuHlA-QSA/hqdefault.jpg,2021-02-26 14:00:53,2021-06-12 12:00:00,2021-06-12 12:00:00
199,OL_k-CNZDMQ,漢字が読めず焦るねね。爆笑ラップでなんとか乗り切る【桃鈴ねね/尾丸ポルカ/獅白ぼたん/雪花ラミィ/ホロライブ切り抜き】,https://www.youtube.com/watch?v=LexMw5Njh-w,186,http://img.youtube.com/vi/LexMw5Njh-w/hqdefault.jpg,2021-01-05 9:55:08,2021-06-12 12:00:00,2021-06-12 12:00:00
200,M9xAnfGxo4Y,【嘘？本当？】桃鈴ねねが中国語の意味でとんでもないセンシティブワードに「お〇ぱいもみもみすいすい」【切り抜き/ホロライブ】,https://www.youtube.com/watch?v=8F7ZzPhIrJQ,4567,http://img.youtube.com/vi/8F7ZzPhIrJQ/hqdefault.jpg,2021-04-20 14:20:20,2021-06-12 12:00:00,2021-06-12 12:00:00
201,3U0deBzms9U,【桃鈴ねね】自分の水着姿に風流な感想を述べる桃鈴ねね【切り抜き】,https://www.youtube.com/watch?v=mUJGdHGp7cY,17900,http://img.youtube.com/vi/mUJGdHGp7cY/hqdefault.jpg,2020-10-06 12:06:40,2021-06-12 12:00:00,2021-06-12 12:00:00
202,Z45wNl7vEQ4,ラン♪ラン♪ラン♪ラミィ〜♪【桃鈴ねね 雪花ラミィ 切り抜き】,https://www.youtube.com/watch?v=2jYwrjhAGvY,1519,http://img.youtube.com/vi/2jYwrjhAGvY/hqdefault.jpg,2021-04-15 11:28:39,2021-06-12 12:00:00,2021-06-12 12:00:00
203,mq8Zqg68en4,ねねハンバーガーの闇【桃鈴ねね 切り抜き】,https://www.youtube.com/watch?v=7TB96kJpawI,537,http://img.youtube.com/vi/7TB96kJpawI/hqdefault.jpg,2021-04-15 22:00:08,2021-06-12 12:00:00,2021-06-12 12:00:00
204,-WyX4HKoJME,【ホロライブ】A-B-C-D-E-F Gカップの歌【桃鈴ねね/hololive/切り抜き/ホロライブ切り抜き】,https://www.youtube.com/watch?v=2bkNMb5xNRw,345,http://img.youtube.com/vi/2bkNMb5xNRw/hqdefault.jpg,2021-04-21 9:00:03,2021-06-12 12:00:00,2021-06-12 12:00:00
205,p_audkE2odM,王様ゲームの命令を完璧にこなしてみせるねねち【桃鈴ねね/切り抜き】,https://www.youtube.com/watch?v=OL_k-CNZDMQ,555,http://img.youtube.com/vi/OL_k-CNZDMQ/hqdefault.jpg,2021-06-04 12:02:11,2021-06-12 12:00:00,2021-06-12 12:00:00
206,w1S0rvy-Qtw,【ホロライブ】ねねガチャ、引いてく?【桃鈴ねね/hololive/切り抜き/ホロライブ切り抜き】,https://www.youtube.com/watch?v=M9xAnfGxo4Y,461,http://img.youtube.com/vi/M9xAnfGxo4Y/hqdefault.jpg,2021-05-31 11:09:21,2021-06-12 12:00:00,2021-06-12 12:00:00
207,7Jr-TozOWNo,【ホロライブ/切り抜き】王様ゲームでフリーダムに動きまくる桃鈴ねね【ホロカラ覗き見/3D】,https://www.youtube.com/watch?v=3U0deBzms9U,1307,http://img.youtube.com/vi/3U0deBzms9U/hqdefault.jpg,2021-06-04 19:38:35,2021-06-12 12:00:00,2021-06-12 12:00:00
208,vSbki-TWo-0,【桃鈴ねね】進化するねね【切り抜き/ホロライブ】,https://www.youtube.com/watch?v=Z45wNl7vEQ4,6397,http://img.youtube.com/vi/Z45wNl7vEQ4/hqdefault.jpg,2020-12-05 10:00:19,2021-06-12 12:00:00,2021-06-12 12:00:00
209,WQ1ytSpy0_E,【手描き切り抜き】Baby English ねね 【ホロライブ】【桃鈴ねね】,https://www.youtube.com/watch?v=mq8Zqg68en4,307,http://img.youtube.com/vi/mq8Zqg68en4/hqdefault.jpg,2021-01-22 13:16:22,2021-06-12 12:00:00,2021-06-12 12:00:00
210,7Bt5hjYeHJc,桃鈴ねねのドラえもんモノマネに、なんじゃこりゃあ状態の宝鐘マリン【ホロライブ切り抜き】,https://www.youtube.com/watch?v=-WyX4HKoJME,19116,http://img.youtube.com/vi/-WyX4HKoJME/hqdefault.jpg,2020-10-14 13:31:03,2021-06-12 12:00:00,2021-06-12 12:00:00
211,mJ7jU-UupxQ,【 #桃鈴ねね3D​ 】ねっ子とたわむれるねねちゃんが可愛すぎる！【桃鈴ねね】【切り抜き/ホロライブ】,https://www.youtube.com/watch?v=hJ_-0PGAp7U,7381,http://img.youtube.com/vi/hJ_-0PGAp7U/hqdefault.jpg,2021-04-18 14:00:22,2021-06-12 12:00:00,2021-06-12 12:00:00
212,cIxDIiNiOvY,【Cooking Simulator】ねねち×ガスボンベ=大爆発【桃鈴ねね 切り抜き】,https://www.youtube.com/watch?v=9i4ikSufidQ,597,http://img.youtube.com/vi/9i4ikSufidQ/hqdefault.jpg,2021-03-15 4:15:56,2021-06-12 12:00:00,2021-06-12 12:00:00
213,BhSsQjcMS7M,[ホロライブ 切り抜き]桃鈴ねね / 独りんぼエンヴィー（電ポルP） [ホロライブ/ほろふぁいぶ/ボカロ/歌枠/VTuber],https://www.youtube.com/watch?v=zxNc47_nJBI,880,http://img.youtube.com/vi/zxNc47_nJBI/hqdefault.jpg,2020-11-01 13:42:24,2021-06-12 12:00:00,2021-06-12 12:00:00
214,o-hhbuEdP3w,【ホロライブ切り抜き】ねぽらぼの裏での謎のノリが明らかに【雪花ラミィ／桃鈴ねね／獅白ぼたん／尾丸ポルカ】,https://www.youtube.com/watch?v=2zV6Q4vx62E,1723,http://img.youtube.com/vi/2zV6Q4vx62E/hqdefault.jpg,2021-06-07 14:35:57,2021-06-12 12:00:00,2021-06-12 12:00:00
215,uiW1-hzbSg8,【雪花ラミィ／桃鈴ねね】こっそりいつものをされるラミィ、がっつりいつものを忘れるねねね【ホロライブ切り抜き】,https://www.youtube.com/watch?v=GWteuf8xrDg,6080,http://img.youtube.com/vi/GWteuf8xrDg/hqdefault.jpg,2021-05-13 22:28:21,2021-06-12 12:00:00,2021-06-12 12:00:00
216,1g_am5MgJoc,【桃鈴ねね切り抜き】桃鈴ねねの「アイドルがする事しない事」【ほろふぁいぶ/ホロライブ5期生】,https://www.youtube.com/watch?v=mJ7jU-UupxQ,17,http://img.youtube.com/vi/mJ7jU-UupxQ/hqdefault.jpg,2020-12-24 5:00:25,2021-06-12 12:00:00,2021-06-12 12:00:00
217,KMHh7ZXDTK0,異物混入Rising Hope【桃鈴ねね】【切り抜き/ホロライブ】,https://www.youtube.com/watch?v=zvFxhGsJE8s,1591,http://img.youtube.com/vi/zvFxhGsJE8s/hqdefault.jpg,2021-05-27 11:00:18,2021-06-12 12:00:00,2021-06-12 12:00:00
218,QMg3qbK2UeA,【桃鈴ねね/雪花ラミィ/ホロライブ切り抜き】欲望を解放しとんでもないおっぺぇを雪花ラミィに生やしてしまう桃鈴ねね,https://www.youtube.com/watch?v=rQ8WGQCT5wg,289,http://img.youtube.com/vi/rQ8WGQCT5wg/hqdefault.jpg,2021-03-23 16:33:15,2021-06-12 12:00:00,2021-06-12 12:00:00
219,7L5G1wL-YM4,【ホロライブ切り抜き＠桃鈴ねね/小鳥遊キアラ】ホラー苦手同士！自棄になるキアラに笑いが止まらないねねち,https://www.youtube.com/watch?v=A-V4s9m43N8,2610,http://img.youtube.com/vi/A-V4s9m43N8/hqdefault.jpg,2021-05-15 7:00:04,2021-06-12 12:00:00,2021-06-12 12:00:00
220,BOsqW4cKKZE,桃鈴ねね、まさかの｢左右｣に大苦戦【雪花ラミィ/ホロライブ/切り抜き/5期生】,https://www.youtube.com/watch?v=wYuUu0W4x4A,1461,http://img.youtube.com/vi/wYuUu0W4x4A/hqdefault.jpg,2021-04-12 10:13:35,2021-06-12 12:00:00,2021-06-12 12:00:00
221,HJyu1iemFso,突然視界から消える桃鈴ねね (各々の反応付き)【尾丸ポルカ、獅白ぼたん、桃鈴ねね、雪花ラミィ】【切り抜き】,https://www.youtube.com/watch?v=Q_GG1hw6RUs,8778,http://img.youtube.com/vi/Q_GG1hw6RUs/hqdefault.jpg,2020-12-11 20:45:00,2021-06-12 12:00:00,2021-06-12 12:00:00
222,YTIsEe4ygVQ,勇気100％・桃鈴ねね✨【Hololive歌枠切り抜き】✨,https://www.youtube.com/watch?v=cIxDIiNiOvY,59,http://img.youtube.com/vi/cIxDIiNiOvY/hqdefault.jpg,2021-05-07 8:42:09,2021-06-12 12:00:00,2021-06-12 12:00:00
223,pg5CclgwS9w,ねねの日本語講座がちょっと変【桃鈴ねね】【切り抜き/ホロライブ】,https://www.youtube.com/watch?v=BhSsQjcMS7M,2255,http://img.youtube.com/vi/BhSsQjcMS7M/hqdefault.jpg,2021-01-29 10:00:03,2021-06-12 12:00:00,2021-06-12 12:00:00
224,xJE_ADq7gFg,ついに姿を現す桃鈴ねねリスナー(ねっ子)【ホロライブ切り抜き・桃鈴ねね】,https://www.youtube.com/watch?v=lVjdxj5RcBE,12085,http://img.youtube.com/vi/lVjdxj5RcBE/hqdefault.jpg,2021-01-27 14:55:39,2021-06-12 12:00:00,2021-06-12 12:00:00
225,RUA_s0M0CJ0,3Dに期待大！ししろんも驚くねねちのダンスレッスン！【桃鈴ねね】【切り抜き/ホロライブ】,https://www.youtube.com/watch?v=-xpVbks_uyY,14659,http://img.youtube.com/vi/-xpVbks_uyY/hqdefault.jpg,2021-03-29 14:00:01,2021-06-12 12:00:00,2021-06-12 12:00:00
226,K16JfEbyVRg,やはりどＭな桃鈴ねね、ラミィちゃんに罵られご満悦【ホロライブ切り抜き】,https://www.youtube.com/watch?v=Prt_IRv1h68,2994,http://img.youtube.com/vi/Prt_IRv1h68/hqdefault.jpg,2020-11-06 11:42:39,2021-06-12 12:00:00,2021-06-12 12:00:00
227,r6F4yEnKoFw,ねねプロ社長内緒のプロジェクト進行中！？【桃鈴ねね】【切り抜き/ホロライブ】,https://www.youtube.com/watch?v=o-hhbuEdP3w,1771,http://img.youtube.com/vi/o-hhbuEdP3w/hqdefault.jpg,2021-01-23 10:00:12,2021-06-12 12:00:00,2021-06-12 12:00:00
228,ZISFqBG7Ngk,ねねちネーミングセンス炸裂②【桃鈴ねね切り抜き】【ホロライブ切り抜き】,https://www.youtube.com/watch?v=rghGbt4XT7w,2346,http://img.youtube.com/vi/rghGbt4XT7w/hqdefault.jpg,2021-03-18 3:49:07,2021-06-12 12:00:00,2021-06-12 12:00:00
229,fDOAXppiy4k,桃鈴ねねの歌う「虹」が可愛い!!【ホロライブ歌枠切り抜き】,https://www.youtube.com/watch?v=uiW1-hzbSg8,1359,http://img.youtube.com/vi/uiW1-hzbSg8/hqdefault.jpg,2020-10-11 17:04:33,2021-06-12 12:00:00,2021-06-12 12:00:00
230,pOVXTPKqACM,ピースサイン  ・桃鈴ねね✨【Hololive歌枠切り抜き】✨,https://www.youtube.com/watch?v=Dthr_C9zi8U,25,http://img.youtube.com/vi/Dthr_C9zi8U/hqdefault.jpg,2021-06-01 8:17:22,2021-06-12 12:00:00,2021-06-12 12:00:00
231,xnMufIApdzU,【ASMR風】修学旅行の夜ごっこ【桃鈴ねね/切り抜き】,https://www.youtube.com/watch?v=Rp8G56PmH3Q,646,http://img.youtube.com/vi/Rp8G56PmH3Q/hqdefault.jpg,2021-05-29 23:09:22,2021-06-12 12:00:00,2021-06-12 12:00:00
232,39BCgq_YgT4,"『BLUE CLAPPER』【歌枠切り抜き】【白上フブキ, 桃鈴ねね, 星街すいせい, 尾丸ポルカ】",https://www.youtube.com/watch?v=1g_am5MgJoc,221,http://img.youtube.com/vi/1g_am5MgJoc/hqdefault.jpg,2021-01-17 5:13:53,2021-06-12 12:00:00,2021-06-12 12:00:00
233,8DamkY0V3FQ,【桃鈴ねね/雪花ラミィ】初めて二人で遊びに行ってスパで盛大にのぼせるねねち【ホロライブ/切り抜き】,https://www.youtube.com/watch?v=LCiEp50joZA,916,http://img.youtube.com/vi/LCiEp50joZA/hqdefault.jpg,2021-06-08 20:00:46,2021-06-12 12:00:00,2021-06-12 12:00:00
234,aGedXE0ir5U,【ホロライブ】即興の魔法少女ねねちがカワイくて面白い!【桃鈴ねね/白上フブキ/夏色まつり/常闇トワ/hololive/切り抜き/ホロライブ切り抜き】,https://www.youtube.com/watch?v=wYZ9JvZvnJQ,3198,http://img.youtube.com/vi/wYZ9JvZvnJQ/hqdefault.jpg,2021-06-04 11:46:50,2021-06-12 12:00:00,2021-06-12 12:00:00
235,wElrI67uOXM,※概要欄追記あり【ホロライブ切り抜き】ねぽらぼで一人だけ思い出せないポルカ【桃鈴ねね/尾丸ポルカ/雪花ラミィ/獅白ぼたん】,https://www.youtube.com/watch?v=voxsXM_pQsQ,1042,http://img.youtube.com/vi/voxsXM_pQsQ/hqdefault.jpg,2021-02-24 14:35:21,2021-06-12 12:00:00,2021-06-12 12:00:00
236,KM9zSQ_5lag,Ahoy!! 我ら宝鐘海賊団☆と合わせて見るカラオケ３D配信の可愛い動きまとめ【夏色まつり・白上フブキ・常闇トワ・桃鈴ねね/ホロライブ切り抜き】,https://www.youtube.com/watch?v=kv9UFLRMCyI,150,http://img.youtube.com/vi/kv9UFLRMCyI/hqdefault.jpg,2021-06-05 5:24:15,2021-06-12 12:00:00,2021-06-12 12:00:00
237,WflaEYVLeFU,みんなを支援したい気持ちが強すぎるねねち【桃鈴ねね 尾丸ポルカ 雪花ラミィ 獅白ぼたん ホロライブ 切り抜き動画】,https://www.youtube.com/watch?v=GLdeuMx5QUA,82,http://img.youtube.com/vi/GLdeuMx5QUA/hqdefault.jpg,2021-06-04 4:49:32,2021-06-12 12:00:00,2021-06-12 12:00:00
238,ycLBpjCB63I,【ホロライブ/桃鈴ねね】sealnene 可愛く逃げるねねち！Nenechi to run away！！,https://www.youtube.com/watch?v=enNwz6wQKmk,33,http://img.youtube.com/vi/enNwz6wQKmk/hqdefault.jpg,2021-06-06 9:25:04,2021-06-12 12:00:00,2021-06-12 12:00:00
239,hqbTFnM7zag,【複数視点同時進行】ぺこランドで遊ぶ桃鈴ねねを見守る獅白ぼたんと角巻わため 【獅白ぼたん、角巻わため、桃鈴ねね】【切り抜き】,https://www.youtube.com/watch?v=pIg6SfuoWSg,1812,http://img.youtube.com/vi/pIg6SfuoWSg/hqdefault.jpg,2021-04-03 21:32:11,2021-06-12 12:00:00,2021-06-12 12:00:00
240,d6TtRIQK5OY,【ホロライブ 夜空メル/桃鈴ねね 切り抜き】メルねね兄弟のスーパーマリオ３Dワールドコラボ珍プレー集,https://www.youtube.com/watch?v=0fTQ2Qln1mY,715,http://img.youtube.com/vi/0fTQ2Qln1mY/hqdefault.jpg,2021-05-23 18:45:38,2021-06-12 12:00:00,2021-06-12 12:00:00
241,BksbfGNLM6o,ねねちのゆるゆる配信！【桃鈴ねね】【切り抜き/ホロライブ】,https://www.youtube.com/watch?v=KMHh7ZXDTK0,3297,http://img.youtube.com/vi/KMHh7ZXDTK0/hqdefault.jpg,2021-02-20 21:00:08,2021-06-12 12:00:00,2021-06-12 12:00:00
242,WxuBK4NR2EU,愛してるゲームが強すぎるねねち【桃鈴ねね/常闇トワ/切り抜き】,https://www.youtube.com/watch?v=ZCwfsa64gCI,2956,http://img.youtube.com/vi/ZCwfsa64gCI/hqdefault.jpg,2021-06-04 16:54:43,2021-06-12 12:00:00,2021-06-12 12:00:00
243,jrNcy5K_iBg,ねねち、ダンスレッスンに通う！【桃鈴ねね 切り抜き】,https://www.youtube.com/watch?v=N6JuHlA-QSA,259,http://img.youtube.com/vi/N6JuHlA-QSA/hqdefault.jpg,2021-02-26 14:00:53,2021-06-12 12:00:00,2021-06-12 12:00:00
244,jxb5IB_8Rsg,ラン♪ラン♪ラン♪ラミィ〜♪【桃鈴ねね 雪花ラミィ 切り抜き】,https://www.youtube.com/watch?v=2jYwrjhAGvY,1520,http://img.youtube.com/vi/2jYwrjhAGvY/hqdefault.jpg,2021-04-15 11:28:39,2021-06-12 12:00:00,2021-06-12 12:00:00
245,IBrpOuLlE48,ねねハンバーガーの闇【桃鈴ねね 切り抜き】,https://www.youtube.com/watch?v=7TB96kJpawI,537,http://img.youtube.com/vi/7TB96kJpawI/hqdefault.jpg,2021-04-15 22:00:08,2021-06-12 12:00:00,2021-06-12 12:00:00
246,CiH9y4xuKQU,【リズム天国】5分でわかる！桃鈴ねねかわいい集！【桃鈴ねね/ホロライブ/切り抜き】,https://www.youtube.com/watch?v=QMg3qbK2UeA,1235,http://img.youtube.com/vi/QMg3qbK2UeA/hqdefault.jpg,2020-11-28 4:57:06,2021-06-12 12:00:00,2021-06-12 12:00:00
247,k15O43o99LA,王様ゲームの命令を完璧にこなしてみせるねねち【桃鈴ねね/切り抜き】,https://www.youtube.com/watch?v=OL_k-CNZDMQ,557,http://img.youtube.com/vi/OL_k-CNZDMQ/hqdefault.jpg,2021-06-04 12:02:11,2021-06-12 12:00:00,2021-06-12 12:00:00
248,J2XYWh3zTlQ,【ホロライブ】ねねガチャ、引いてく?【桃鈴ねね/hololive/切り抜き/ホロライブ切り抜き】,https://www.youtube.com/watch?v=M9xAnfGxo4Y,463,http://img.youtube.com/vi/M9xAnfGxo4Y/hqdefault.jpg,2021-05-31 11:09:21,2021-06-12 12:00:00,2021-06-12 12:00:00
249,JcEz2EMQAXw,【ホロライブ/切り抜き】王様ゲームでフリーダムに動きまくる桃鈴ねね【ホロカラ覗き見/3D】,https://www.youtube.com/watch?v=3U0deBzms9U,1318,http://img.youtube.com/vi/3U0deBzms9U/hqdefault.jpg,2021-06-04 19:38:35,2021-06-12 12:00:00,2021-06-12 12:00:00
250,QG43lspljj8,【桃鈴ねね】進化するねね【切り抜き/ホロライブ】,https://www.youtube.com/watch?v=Z45wNl7vEQ4,6397,http://img.youtube.com/vi/Z45wNl7vEQ4/hqdefault.jpg,2020-12-05 10:00:19,2021-06-12 12:00:00,2021-06-12 12:00:00
251,SRKhzyYxVBM,【手描き切り抜き】Baby English ねね 【ホロライブ】【桃鈴ねね】,https://www.youtube.com/watch?v=mq8Zqg68en4,309,http://img.youtube.com/vi/mq8Zqg68en4/hqdefault.jpg,2021-01-22 13:16:22,2021-06-12 12:00:00,2021-06-12 12:00:00
252,ic6bNB-lJjs,桃鈴ねねのドラえもんモノマネに、なんじゃこりゃあ状態の宝鐘マリン【ホロライブ切り抜き】,https://www.youtube.com/watch?v=-WyX4HKoJME,19126,http://img.youtube.com/vi/-WyX4HKoJME/hqdefault.jpg,2020-10-14 13:31:03,2021-06-12 12:00:00,2021-06-12 12:00:00
253,9hcaKkBX-WI,終始ポルカに遊ばれ続ける桃鈴ねね【桃鈴ねね・ホロライブ切り抜き】,https://www.youtube.com/watch?v=p_audkE2odM,247,http://img.youtube.com/vi/p_audkE2odM/hqdefault.jpg,2021-05-20 11:49:49,2021-06-12 12:00:00,2021-06-12 12:00:00
254,UrLnXWWDLLE,【桃鈴ねね】プルメリア ～花唄～【歌配信/ホロライブ切り抜き】,https://www.youtube.com/watch?v=w1S0rvy-Qtw,363,http://img.youtube.com/vi/w1S0rvy-Qtw/hqdefault.jpg,2020-10-11 18:02:51,2021-06-12 12:00:00,2021-06-12 12:00:00
255,MhdqywturYQ,【桃鈴ねね】ねねち最近キス安売りしすぎじゃない？「大丈夫、本気のチューはとっとくから。ムツゴロウキッスだから」【切り抜き/ホロライブ】,https://www.youtube.com/watch?v=7L5G1wL-YM4,11596,http://img.youtube.com/vi/7L5G1wL-YM4/hqdefault.jpg,2021-01-18 8:04:49,2021-06-12 12:00:00,2021-06-12 12:00:00
256,uet0Egsx1Ng,突如始まった王様ゲームがてぇてぇ過ぎるトワ×ねね【切り抜き ホロライブ 白上フブキ 夏色まつり 常闇トワ 桃鈴ねね】,https://www.youtube.com/watch?v=7Jr-TozOWNo,4915,http://img.youtube.com/vi/7Jr-TozOWNo/hqdefault.jpg,2021-06-04 12:33:27,2021-06-12 12:00:00,2021-06-12 12:00:00
257,RgvhUH-ewCM,宇宙船に乗り遅れた桃鈴ねね【切り抜き】【ホロライブ Among Us】,https://www.youtube.com/watch?v=BOsqW4cKKZE,88,http://img.youtube.com/vi/BOsqW4cKKZE/hqdefault.jpg,2020-10-26 18:44:00,2021-06-12 12:00:00,2021-06-12 12:00:00
258,MbQNg1ZrswI,オラオラし始めるも完全に可愛いだけの【桃鈴ねね】,https://www.youtube.com/watch?v=vSbki-TWo-0,10504,http://img.youtube.com/vi/vSbki-TWo-0/hqdefault.jpg,2021-01-23 21:13:36,2021-06-12 12:00:00,2021-06-12 12:00:00
259,eA_aqjqnz1Q,ヤンデレねねち【桃鈴ねね 切り抜き】,https://www.youtube.com/watch?v=Tf5T_kdaMs0,1023,http://img.youtube.com/vi/Tf5T_kdaMs0/hqdefault.jpg,2021-03-18 15:15:02,2021-06-12 12:00:00,2021-06-12 12:00:00
260,2-GLaYToCPQ,桃鈴ねね｢滑りすぎて面白いって所までいけないかな？｣【尾丸ポルカ/ホロライブ/切り抜き/5期生/Vtuber】,https://www.youtube.com/watch?v=WQ1ytSpy0_E,6218,http://img.youtube.com/vi/WQ1ytSpy0_E/hqdefault.jpg,2021-04-18 2:15:10,2021-06-12 12:00:00,2021-06-12 12:00:00
261,dzd0J2IaR8Y,【ホロライブ切り抜き】ねねちから謎のプレゼントを貰うラミィ【雪花ラミィ／桃鈴ねね】,https://www.youtube.com/watch?v=HJyu1iemFso,112,http://img.youtube.com/vi/HJyu1iemFso/hqdefault.jpg,2021-06-13 1:30:58,2021-06-12 12:00:00,2021-06-12 12:00:00
262,ZDIfcydkzRI,ねねちとラミィのホロメンものまね10連発！【桃鈴ねね/雪花ラミィ/ホロライブ/切り抜き】【マイクラ】【まがまがーず】,https://www.youtube.com/watch?v=YTIsEe4ygVQ,25,http://img.youtube.com/vi/YTIsEe4ygVQ/hqdefault.jpg,2021-06-13 1:00:13,2021-06-12 12:00:00,2021-06-12 12:00:00
263,j6p4Vva3V3c,身に覚えがない桃鈴ねねとのキスショットがホロ公式に貼られ、怯える猫又おかゆ【ホロライブ切り抜き】,https://www.youtube.com/watch?v=pg5CclgwS9w,58018,http://img.youtube.com/vi/pg5CclgwS9w/hqdefault.jpg,2021-06-12 15:55:24,2021-06-12 12:00:00,2021-06-12 12:00:00
264,qLyW4qQ9oTQ,【君の名は。】 スパークル ／ RADWIMPS(cover) by桃鈴ねね【ホロライブ切り抜き】,https://www.youtube.com/watch?v=xJE_ADq7gFg,21,http://img.youtube.com/vi/xJE_ADq7gFg/hqdefault.jpg,2021-06-12 15:21:09,2021-06-12 12:00:00,2021-06-12 12:00:00
265,Id866-9Dq6Q,お風呂に行く予定の２人とお揃いのブレスレット【桃鈴ねね/雪花ラミィ】【切り抜き/ホロライブ】,https://www.youtube.com/watch?v=RUA_s0M0CJ0,1072,http://img.youtube.com/vi/RUA_s0M0CJ0/hqdefault.jpg,2021-06-12 15:00:29,2021-06-12 12:00:00,2021-06-12 12:00:00
266,S7i9FWYFodY,【桃鈴ねね切り抜き】3D LIVEで放送事故！？,https://www.youtube.com/watch?v=K16JfEbyVRg,92,http://img.youtube.com/vi/K16JfEbyVRg/hqdefault.jpg,2021-06-12 13:09:01,2021-06-12 12:00:00,2021-06-12 12:00:00
267,t-p15BAivwI,頼んでもないのに桃鈴ねねに名指しでワキを見せつけられて困惑する雪花ラミィ【ホロライブ切り抜き】,https://www.youtube.com/watch?v=r6F4yEnKoFw,52551,http://img.youtube.com/vi/r6F4yEnKoFw/hqdefault.jpg,2021-06-12 13:01:24,2021-06-12 12:00:00,2021-06-12 12:00:00