id,archiveid,archivetitle,archiveviews,archivepostdate,archiveurl,archiveimg,created_at,upload_at
1,g6Fvi2w-taU,ã€æ­Œã£ã¦ã¿ãŸã€‘ğŸ‘I HAVE HAPPY NEWS ğŸ‘ã€æ¡ƒéˆ´ã­ã­/ ãƒ›ãƒ­ãƒ©ã‚¤ãƒ–ã€‘,166109,2021-05-31T14:30:27Z,https://www.youtube.com/watch?v=g6Fvi2w-taU,http://img.youtube.com/vi/g6Fvi2w-taU/hqdefault.jpg,2021-06-08T00:00:00,2021-06-08T00:00:00
2,qb3Z4ZVsbiY,ã€Short videoã€‘ğŸ‘NENE's GREETINGğŸ‘ã€æ¡ƒéˆ´ã­ã­/ãƒ›ãƒ­ãƒ©ã‚¤ãƒ–ã€‘,99563,2021-05-30T03:00:15Z,https://www.youtube.com/watch?v=qb3Z4ZVsbiY,http://img.youtube.com/vi/qb3Z4ZVsbiY/hqdefault.jpg,2021-06-08T00:00:00,2021-06-08T00:00:00
3,QIxo7Kz2Q3I,ã€ASMRâ€¦ï¼Ÿã€‘ğŸ‘çœ ã„ã­ã­ã®å°å£°é›‘è«‡ğŸ‘ã€æ¡ƒéˆ´ã­ã­/ ãƒ›ãƒ­ãƒ©ã‚¤ãƒ–ã€‘,101430,2021-05-29T16:34:31Z,https://www.youtube.com/watch?v=QIxo7Kz2Q3I,http://img.youtube.com/vi/QIxo7Kz2Q3I/hqdefault.jpg,2021-06-08T00:00:00,2021-06-08T00:00:00
4,3y_6dFsNU_8,ã€Xbox Game Passã€‘ğŸ‘æ•™ãˆã¦ï¼ã¼ãŸã‚“å…ˆç”Ÿï¼ï¼ğŸ‘ã€æ¡ƒéˆ´ã­ã­/ ãƒ›ãƒ­ãƒ©ã‚¤ãƒ–ã€‘,124015,2021-05-27T12:49:50Z,https://www.youtube.com/watch?v=3y_6dFsNU_8,http://img.youtube.com/vi/3y_6dFsNU_8/hqdefault.jpg,2021-06-08T00:00:00,2021-06-08T00:00:00
5,YU9di2pN8f4,ã€SUPERCHAT READINGã€‘ğŸ‘ã•ã£ãã®ç¶šãï¼ğŸ‘ã€æ¡ƒéˆ´ã­ã­/ ãƒ›ãƒ­ãƒ©ã‚¤ãƒ–ã€‘,74150,2021-05-26T15:58:18Z,https://www.youtube.com/watch?v=YU9di2pN8f4,http://img.youtube.com/vi/YU9di2pN8f4/hqdefault.jpg,2021-06-08T00:00:00,2021-06-08T00:00:00
6,y_FzaF9_lyo,ã€æ­Œæ ã€‘ğŸ‘ã†ãŸã‚ã‚ã‚ã‚ã‚ã‚ã‚ã‚ã‚ğŸ‘ã€æ¡ƒéˆ´ã­ã­/ ãƒ›ãƒ­ãƒ©ã‚¤ãƒ–ã€‘,170747,2021-05-26T12:33:44Z,https://www.youtube.com/watch?v=y_FzaF9_lyo,http://img.youtube.com/vi/y_FzaF9_lyo/hqdefault.jpg,2021-06-08T00:00:00,2021-06-08T00:00:00
7,alO4hTErWZA,ã€ã‚¹ãƒ¼ãƒ‘ãƒ¼ãƒãƒªã‚ªãƒ‘ãƒ¼ãƒ†ã‚£ãƒ¼ã€‘ğŸ‘5æœŸç”Ÿãƒãƒãƒœã‚³ãƒ‘ãƒ¼ãƒ†ã‚£ãƒ¼ğŸ‘ã€#ã­ã½ã‚‰ã¼/æ¡ƒéˆ´ã­ã­ã€‘,217322,2021-05-22T14:12:45Z,https://www.youtube.com/watch?v=alO4hTErWZA,http://img.youtube.com/vi/alO4hTErWZA/hqdefault.jpg,2021-06-08T00:00:00,2021-06-08T00:00:00
8,E8hCyNAJ4_Y,ã€å‚åŠ å‹APEXã€‘ğŸ‘Date with NeneğŸ‘ã€æ¡ƒéˆ´ã­ã­/ ãƒ›ãƒ­ãƒ©ã‚¤ãƒ–ã€‘,109437,2021-05-21T13:52:29Z,https://www.youtube.com/watch?v=E8hCyNAJ4_Y,http://img.youtube.com/vi/E8hCyNAJ4_Y/hqdefault.jpg,2021-06-08T00:00:00,2021-06-08T00:00:00
9,F-tuFP_gdfc,ã€Minecraftã€‘ğŸ‘GO TO MESAï¼ˆç´ æé›†ã‚ï¼‰ğŸ‘ã€æ¡ƒéˆ´ã­ã­/ ãƒ›ãƒ­ãƒ©ã‚¤ãƒ–ã€‘,196694,2021-05-20T08:44:06Z,https://www.youtube.com/watch?v=F-tuFP_gdfc,http://img.youtube.com/vi/F-tuFP_gdfc/hqdefault.jpg,2021-06-08T00:00:00,2021-06-08T00:00:00
10,v1Zi1TCDKoo,ã€ãŠã©ã‚‹ãƒ¡ã‚¤ãƒ³ãƒ‰ã‚¤ãƒ³ãƒ¯ãƒªã‚ªã€‘ğŸ‘æ˜”ã‚ˆãã‚„ã£ãŸã‚„ãƒ¼ã¤ï¼ğŸ‘ã€ãƒ›ãƒ­ãƒ©ã‚¤ãƒ–/æ¡ƒéˆ´ã­ã­ã€‘,149945,2021-05-18T15:45:24Z,https://www.youtube.com/watch?v=v1Zi1TCDKoo,http://img.youtube.com/vi/v1Zi1TCDKoo/hqdefault.jpg,2021-06-08T00:00:00,2021-06-08T00:00:00
11,DuXNSytgIV0,ã€Minecraftã€‘ğŸ‘åŸã®ç´ æã¨å»ºç¯‰ï¼ˆã¾ã§ã„ã‘ãŸã‚‰ã„ã„ãªï¼‰ğŸ‘ã€æ¡ƒéˆ´ã­ã­/ ãƒ›ãƒ­ãƒ©ã‚¤ãƒ–ã€‘,191271,2021-05-17T12:01:42Z,https://www.youtube.com/watch?v=DuXNSytgIV0,http://img.youtube.com/vi/DuXNSytgIV0/hqdefault.jpg,2021-06-08T00:00:00,2021-06-08T00:00:00
12,NJo7OBnazak,ã€æ™©é…Œã€‘ğŸ‘ãŠé…’ã¨æ—¥æœ¬åœ°å›³ğŸ‘ã€æ¡ƒéˆ´ã­ã­/ãƒ›ãƒ­ãƒ©ã‚¤ãƒ–ã€‘,156395,2021-05-15T17:38:42Z,https://www.youtube.com/watch?v=NJo7OBnazak,http://img.youtube.com/vi/NJo7OBnazak/hqdefault.jpg,2021-06-08T00:00:00,2021-06-08T00:00:00
13,bBSQgd6YXcs,ã€Phasmophobiaã€‘ğŸ‘äºŒäººã¨ã‚‚ãƒ›ãƒ©ãƒ¼è‹¦æ‰‹ã§ã™ğŸ‘ã€æ¡ƒéˆ´ã­ã­/å°é³¥éŠã‚­ã‚¢ãƒ©/ #Oãƒ¬ãƒ³ã‚ºã€‘,143901,2021-05-14T13:40:32Z,https://www.youtube.com/watch?v=bBSQgd6YXcs,http://img.youtube.com/vi/bBSQgd6YXcs/hqdefault.jpg,2021-06-08T00:00:00,2021-06-08T00:00:00
14,0COyqGs-tUg,ã€TickTockã€‘ğŸ‘è¬è§£ãï¼ï¼Ÿã‚ã£ã¡ã‚ƒå¾—æ„ã ã‚ï¼ãªï¼ãƒ©ãƒŸã‚£ğŸ‘ã€æ¡ƒéˆ´ã­ã­/ é›ªèŠ±ãƒ©ãƒŸã‚£/ #ã¾ãŒã¾ãŒãƒ¼ãšã€‘,91643,2021-05-13T16:00:47Z,https://www.youtube.com/watch?v=0COyqGs-tUg,http://img.youtube.com/vi/0COyqGs-tUg/hqdefault.jpg,2021-06-08T00:00:00,2021-06-08T00:00:00
15,dypRMlONWog,ã€Short videoã€‘NENE PIZZA SONGã€æ¡ƒéˆ´ã­ã­/ãƒ›ãƒ­ãƒ©ã‚¤ãƒ–ã€‘,139899,2021-05-12T11:00:19Z,https://www.youtube.com/watch?v=dypRMlONWog,http://img.youtube.com/vi/dypRMlONWog/hqdefault.jpg,2021-06-08T00:00:00,2021-06-08T00:00:00
16,Rdq_MmOD3kg,ã€APEXã€‘ğŸ‘1MATCH 1000DAMAGE CHALLENGEğŸ‘ã€æ¡ƒéˆ´ã­ã­/ ãƒ›ãƒ­ãƒ©ã‚¤ãƒ–ã€‘,167019,2021-05-11T12:40:56Z,https://www.youtube.com/watch?v=Rdq_MmOD3kg,http://img.youtube.com/vi/Rdq_MmOD3kg/hqdefault.jpg,2021-06-08T00:00:00,2021-06-08T00:00:00
17,NPHp7zZ-a5I,ã€New ã‚¹ãƒ¼ãƒ‘ãƒ¼ãƒãƒªã‚ªãƒ–ãƒ©ã‚¶ãƒ¼ã‚º U ãƒ‡ãƒ©ãƒƒã‚¯ã‚¹ã€‘ğŸ‘è² ã‘ãªã„ğŸ‘ã€ãƒ›ãƒ­ãƒ©ã‚¤ãƒ–/æ¡ƒéˆ´ã­ã­ã€‘,131043,2021-05-10T14:06:51Z,https://www.youtube.com/watch?v=NPHp7zZ-a5I,http://img.youtube.com/vi/NPHp7zZ-a5I/hqdefault.jpg,2021-06-08T00:00:00,2021-06-08T00:00:00
18,gTYKcZ9k8zM,ã€æ˜¼é›‘ã€‘ğŸ‘ã­ã­ã®çµµğŸ‘ã€æ¡ƒéˆ´ã­ã­/ ãƒ›ãƒ­ãƒ©ã‚¤ãƒ–ã€‘,125469,2021-05-10T06:55:50Z,https://www.youtube.com/watch?v=gTYKcZ9k8zM,http://img.youtube.com/vi/gTYKcZ9k8zM/hqdefault.jpg,2021-06-08T00:00:00,2021-06-08T00:00:00
19,EX876SEjdn8,ã€Short videoã€‘çµ¶å¯¾ã«æ•ã¾ã‚‰ãªã„ã­ã­ã€æ¡ƒéˆ´ã­ã­/ãƒ›ãƒ­ãƒ©ã‚¤ãƒ–ã€‘,112502,2021-05-07T10:00:17Z,https://www.youtube.com/watch?v=EX876SEjdn8,http://img.youtube.com/vi/EX876SEjdn8/hqdefault.jpg,2021-06-08T00:00:00,2021-06-08T00:00:00
20,4PIJrSu5a2Q,ã€Duolingoã€‘ğŸ‘STADYYYYYYYYYYYY!!!!!!!#3ğŸ‘ã€æ¡ƒéˆ´ã­ã­/ ãƒ›ãƒ­ãƒ©ã‚¤ãƒ–ã€‘,157060,2021-05-04T07:06:59Z,https://www.youtube.com/watch?v=4PIJrSu5a2Q,http://img.youtube.com/vi/4PIJrSu5a2Q/hqdefault.jpg,2021-06-08T00:00:00,2021-06-08T00:00:00
21,2nVswGhONJI,ã€Short videoã€‘NENE HUSBANDS SONGã€æ¡ƒéˆ´ã­ã­/ãƒ›ãƒ­ãƒ©ã‚¤ãƒ–ã€‘,172618,2021-05-03T03:00:17Z,https://www.youtube.com/watch?v=2nVswGhONJI,http://img.youtube.com/vi/2nVswGhONJI/hqdefault.jpg,2021-06-08T00:00:00,2021-06-08T00:00:00
22,ziQJf-J65tg,ã€New ãƒã‚±ãƒ¢ãƒ³ã‚¹ãƒŠãƒƒãƒ—ã€‘ğŸ‘ã­ã­ã®ãƒ•ã‚§ãƒã€å…¨é–‹ğŸ‘ã€æ¡ƒéˆ´ã­ã­/ ãƒ›ãƒ­ãƒ©ã‚¤ãƒ–ã€‘,71597,2021-05-02T15:58:41Z,https://www.youtube.com/watch?v=ziQJf-J65tg,http://img.youtube.com/vi/ziQJf-J65tg/hqdefault.jpg,2021-06-08T00:00:00,2021-06-08T00:00:00
23,c9h_uHVppxc,ã€æ­Œç·´ã€‘ğŸ‘å¤œã®ã¾ã£ãŸã‚ŠSING INGğŸ‘ã€ãƒ›ãƒ­ãƒ©ã‚¤ãƒ–/æ¡ƒéˆ´ã­ã­ã€‘,127842,2021-05-01T16:31:46Z,https://www.youtube.com/watch?v=c9h_uHVppxc,http://img.youtube.com/vi/c9h_uHVppxc/hqdefault.jpg,2021-06-08T00:00:00,2021-06-08T00:00:00
24,MWeu_kf2L94,ã€Duolingoã€‘ğŸ‘STADYYYYYYYYYYYY!!!!!!!!! #ï¼’ğŸ‘ã€æ¡ƒéˆ´ã­ã­/ ãƒ›ãƒ­ãƒ©ã‚¤ãƒ–ã€‘,146439,2021-05-01T06:29:54Z,https://www.youtube.com/watch?v=MWeu_kf2L94,http://img.youtube.com/vi/MWeu_kf2L94/hqdefault.jpg,2021-06-08T00:00:00,2021-06-08T00:00:00
25,pbNIDT4AYuU,ã€Duolingoã€‘ğŸ‘STADYYYYYYYYYYYY!!!!!!!!!ğŸ‘ã€æ¡ƒéˆ´ã­ã­/ ãƒ›ãƒ­ãƒ©ã‚¤ãƒ–ã€‘,111398,2021-04-28T05:56:32Z,https://www.youtube.com/watch?v=pbNIDT4AYuU,http://img.youtube.com/vi/pbNIDT4AYuU/hqdefault.jpg,2021-06-08T00:00:00,2021-06-08T00:00:00
26,mqjJVzbnJhQ,ã€APEXã€‘ğŸ‘1MATCH 2KILL CHALLENGEğŸ‘ã€æ¡ƒéˆ´ã­ã­/ ãƒ›ãƒ­ãƒ©ã‚¤ãƒ–ã€‘,81884,2021-04-27T11:04:26Z,https://www.youtube.com/watch?v=mqjJVzbnJhQ,http://img.youtube.com/vi/mqjJVzbnJhQ/hqdefault.jpg,2021-06-08T00:00:00,2021-06-08T00:00:00
27,fBZ4w_rFAzg,ã€Minecraftã€‘ğŸ‘åŸã®ç´ æã¨é›‘è«‡ğŸ‘ã€æ¡ƒéˆ´ã­ã­/ ãƒ›ãƒ­ãƒ©ã‚¤ãƒ–ã€‘,204803,2021-04-26T13:41:40Z,https://www.youtube.com/watch?v=fBZ4w_rFAzg,http://img.youtube.com/vi/fBZ4w_rFAzg/hqdefault.jpg,2021-06-08T00:00:00,2021-06-08T00:00:00
28,5edGqtIaKrY,ã€Overcooked! 2ã€‘ğŸ‘ã¸ã„ã‚‰ã£ã—ã‚ƒã„ï¼ğŸ‘ã€æ¡ƒéˆ´ã­ã­ãƒ»å¤è‰²ã¾ã¤ã‚Š/ ãƒ›ãƒ­ãƒ©ã‚¤ãƒ–ã€‘,105584,2021-04-24T15:18:57Z,https://www.youtube.com/watch?v=5edGqtIaKrY,http://img.youtube.com/vi/5edGqtIaKrY/hqdefault.jpg,2021-06-08T00:00:00,2021-06-08T00:00:00
29,YxxCEvwrCcM,ã€æ­Œç·´ã€‘ğŸ‘LESSON SINGING TIMEğŸ‘ã€ãƒ›ãƒ­ãƒ©ã‚¤ãƒ–/æ¡ƒéˆ´ã­ã­ã€‘,150473,2021-04-23T06:10:36Z,https://www.youtube.com/watch?v=YxxCEvwrCcM,http://img.youtube.com/vi/YxxCEvwrCcM/hqdefault.jpg,2021-06-08T00:00:00,2021-06-08T00:00:00
30,rKMBrqzVAF4,ã€MONSTER HUNTER RISEã€‘ğŸ‘towawa neneneğŸ‘ã€æ¡ƒéˆ´ã­ã­/ ãƒ›ãƒ­ãƒ©ã‚¤ãƒ–ã€‘,170765,2021-04-21T13:03:49Z,https://www.youtube.com/watch?v=rKMBrqzVAF4,http://img.youtube.com/vi/rKMBrqzVAF4/hqdefault.jpg,2021-06-08T00:00:00,2021-06-08T00:00:00
31,_dlqG2xRxH8,ã€Minecraftã€‘ğŸ‘æ‚²ã—ã¿ã®ãƒã‚¤ã‚¯ãƒ©é…ä¿¡ğŸ‘ã€æ¡ƒéˆ´ã­ã­/ ãƒ›ãƒ­ãƒ©ã‚¤ãƒ–ã€‘,220227,2021-04-20T12:36:28Z,https://www.youtube.com/watch?v=_dlqG2xRxH8,http://img.youtube.com/vi/_dlqG2xRxH8/hqdefault.jpg,2021-06-08T00:00:00,2021-06-08T00:00:00
32,OHTpJoeRmA0,ã€èª­ã¿è¾¼ã¿è€ä¹…ã€‘ğŸ‘SUPERCHAT LOADINGæ ğŸ‘ã€æ¡ƒéˆ´ã­ã­/ ãƒ›ãƒ­ãƒ©ã‚¤ãƒ–ã€‘,105693,2021-04-19T12:22:05Z,https://www.youtube.com/watch?v=OHTpJoeRmA0,http://img.youtube.com/vi/OHTpJoeRmA0/hqdefault.jpg,2021-06-08T00:00:00,2021-06-08T00:00:00
33,IBJClD5PuxI,ã€æ˜¼é›‘ã€‘ğŸ‘ãŒã‚“ã°ã£ãŸã­ã­ã®æ˜¼é›‘è«‡ğŸ‘ã€æ¡ƒéˆ´ã­ã­/ ãƒ›ãƒ­ãƒ©ã‚¤ãƒ–ã€‘,114657,2021-04-19T04:29:59Z,https://www.youtube.com/watch?v=IBJClD5PuxI,http://img.youtube.com/vi/IBJClD5PuxI/hqdefault.jpg,2021-06-08T00:00:00,2021-06-08T00:00:00
34,YeUkeAq1Dqg,ã€ #æ¡ƒéˆ´ã­ã­3D ã€‘ğŸ‘æ¡ƒéˆ´ã­ã­3DãŠæŠ«éœ²ç›®ï¼ğŸ‘ã€ãƒ›ãƒ­ãƒ©ã‚¤ãƒ–/æ¡ƒéˆ´ã­ã­ã€‘,966420,2021-04-18T12:07:56Z,https://www.youtube.com/watch?v=YeUkeAq1Dqg,http://img.youtube.com/vi/YeUkeAq1Dqg/hqdefault.jpg,2021-06-08T00:00:00,2021-06-08T00:00:00
35,eV9OeYtNXs0,ã€MONSTER HUNTER RISEã€‘ğŸ‘å¼·ãã†é›†å›£ï¼ğŸ‘ã€ãƒ›ãƒ­ãƒ©ã‚¤ãƒ–/æ¡ƒéˆ´ã­ã­ã€‘,140602,2021-04-16T10:20:43Z,https://www.youtube.com/watch?v=eV9OeYtNXs0,http://img.youtube.com/vi/eV9OeYtNXs0/hqdefault.jpg,2021-06-08T00:00:00,2021-06-08T00:00:00
36,WZjMZC9pgoA,ã€æ˜¼é›‘ã€‘ğŸ‘ç­‹è‚‰ç—›ã¨å¯ä¸è¶³ğŸ‘ã€æ¡ƒéˆ´ã­ã­/ ãƒ›ãƒ­ãƒ©ã‚¤ãƒ–ã€‘,85315,2021-04-16T06:09:12Z,https://www.youtube.com/watch?v=WZjMZC9pgoA,http://img.youtube.com/vi/WZjMZC9pgoA/hqdefault.jpg,2021-06-08T00:00:00,2021-06-08T00:00:00
37,PWoxBXQcAFc,ã€MONSTER HUNTER RISEã€‘ğŸ‘è¦‹ãŸç›®ã ã‘ã®å¼·ã•â€¦ï¼ŸğŸ‘ã€ãƒ›ãƒ­ãƒ©ã‚¤ãƒ–/æ¡ƒéˆ´ã­ã­ã€‘,139711,2021-04-14T16:42:19Z,https://www.youtube.com/watch?v=PWoxBXQcAFc,http://img.youtube.com/vi/PWoxBXQcAFc/hqdefault.jpg,2021-06-08T00:00:00,2021-06-08T00:00:00
38,cSfuUNuKRRk,ã€MONSTER HUNTER RISEã€‘ğŸ‘HR3ã«ãªã‚‰ã‚“ã¨ã‚„ã°ã„ğŸ‘ã€ãƒ›ãƒ­ãƒ©ã‚¤ãƒ–/æ¡ƒéˆ´ã­ã­ã€‘,172567,2021-04-14T13:15:40Z,https://www.youtube.com/watch?v=cSfuUNuKRRk,http://img.youtube.com/vi/cSfuUNuKRRk/hqdefault.jpg,2021-06-08T00:00:00,2021-06-08T00:00:00
39,FAk27_YhGvc,ã€æ˜¼é›‘ã€‘ğŸ‘HAPPY GIRLã®æ˜¼é›‘è«‡ğŸ‘ã€æ¡ƒéˆ´ã­ã­/ ãƒ›ãƒ­ãƒ©ã‚¤ãƒ–ã€‘,100000,2021-04-14T06:11:50Z,https://www.youtube.com/watch?v=FAk27_YhGvc,http://img.youtube.com/vi/FAk27_YhGvc/hqdefault.jpg,2021-06-08T00:00:00,2021-06-08T00:00:00
40,QQajf_s4HjA,ã€æ­Œæ ã€‘ğŸ‘ã­ã­ã‹ã‚‰é‡å¤§ç™ºè¡¨ãŒã‚ã‚Šã¾ã™ğŸ‘ã€ãƒ›ãƒ­ãƒ©ã‚¤ãƒ–/æ¡ƒéˆ´ã­ã­ã€‘,250398,2021-04-13T12:08:32Z,https://www.youtube.com/watch?v=QQajf_s4HjA,http://img.youtube.com/vi/QQajf_s4HjA/hqdefault.jpg,2021-06-08T00:00:00,2021-06-08T00:00:00
41,avbKac24efo,ã€æ­Œã£ã¦ã¿ãŸã€‘ã†ã£ã›ã‡ã‚ã€Covered byæ¡ƒéˆ´ã­ã­ã€‘,392892,2021-04-13T10:45:12Z,https://www.youtube.com/watch?v=avbKac24efo,http://img.youtube.com/vi/avbKac24efo/hqdefault.jpg,2021-06-08T00:00:00,2021-06-08T00:00:00
42,1MoE-wV1QFA,ã€è¦ªå­ã‚³ãƒ©ãƒœã€‘ğŸ‘ãªã‚“ã§ã‚‚ã‚¢ãƒªã®å¯¾è«‡ğŸ‘ã€æ¡ƒéˆ´ã­ã­ãƒ»è¥¿æ²¢ï¼•ãƒŸãƒª/ ãƒ›ãƒ­ãƒ©ã‚¤ãƒ–ã€‘,126550,2021-04-12T12:14:36Z,https://www.youtube.com/watch?v=1MoE-wV1QFA,http://img.youtube.com/vi/1MoE-wV1QFA/hqdefault.jpg,2021-06-08T00:00:00,2021-06-08T00:00:00
43,hWyhvVcKGKY,ã€We Were Hereã€‘ğŸ‘ã¾ãŒã¾ãŒãï½ãšå†’é™ºãƒ„ã‚¢ãƒ¼â˜†ğŸ‘ã€æ¡ƒéˆ´ã­ã­ãƒ»é›ªèŠ±ãƒ©ãƒŸã‚£/ ãƒ›ãƒ­ãƒ©ã‚¤ãƒ–ã€‘,187216,2021-04-11T16:47:28Z,https://www.youtube.com/watch?v=hWyhvVcKGKY,http://img.youtube.com/vi/hWyhvVcKGKY/hqdefault.jpg,2021-06-08T00:00:00,2021-06-08T00:00:00
44,lWoJiROcLDc,ã€APEXã€‘ğŸ‘åˆã‚ã¦ã®ãƒ•ãƒ«ãƒ‘ï¼ğŸ‘ã€æ¡ƒéˆ´ã­ã­/ #OMANEã€‘,75011,2021-04-10T14:43:50Z,https://www.youtube.com/watch?v=lWoJiROcLDc,http://img.youtube.com/vi/lWoJiROcLDc/hqdefault.jpg,2021-06-08T00:00:00,2021-06-08T00:00:00
45,3A4ToX_M5FQ,ã€MONSTER HUNTER RISEã€‘ğŸ‘ã­ï¼ã‚¸ãƒ£ã‚¹ã‚¢ãƒ³ãƒˆã®ã¯å¼·ã„ğŸ‘ã€ãƒ›ãƒ­ãƒ©ã‚¤ãƒ–/æ¡ƒéˆ´ã­ã­ã€‘,115276,2021-04-10T06:19:17Z,https://www.youtube.com/watch?v=3A4ToX_M5FQ,http://img.youtube.com/vi/3A4ToX_M5FQ/hqdefault.jpg,2021-06-08T00:00:00,2021-06-08T00:00:00
46,lnjfObpdmrk,ã€MONSTER HUNTER RISEã€‘ğŸ‘ã­ï¼ã‚¸ãƒ£ã‚¹ã‚¢ãƒ³ãƒˆã®å†’é™ºğŸ‘ã€ãƒ›ãƒ­ãƒ©ã‚¤ãƒ–/æ¡ƒéˆ´ã­ã­ã€‘,124382,2021-04-07T12:17:52Z,https://www.youtube.com/watch?v=lnjfObpdmrk,http://img.youtube.com/vi/lnjfObpdmrk/hqdefault.jpg,2021-06-08T00:00:00,2021-06-08T00:00:00
47,_srGTGKgIvY,ã€MONSTER HUNTER RISEã€‘ğŸ‘FARST MONHANâ†é–“é•ãˆã¾ã—ãŸFIRST MON HUNâ†æ­£ã—ãã¯ã“ã£ã¡ğŸ‘ã€ãƒ›ãƒ­ãƒ©ã‚¤ãƒ–/æ¡ƒéˆ´ã­ã­ã€‘,222293,2021-04-05T14:33:22Z,https://www.youtube.com/watch?v=_srGTGKgIvY,http://img.youtube.com/vi/_srGTGKgIvY/hqdefault.jpg,2021-06-08T00:00:00,2021-06-08T00:00:00
48,8k7JJ6jiqe8,ã€Minecraftã€‘ğŸ‘BILLD CASTLE #3ğŸ‘ã€ãƒ›ãƒ­ãƒ©ã‚¤ãƒ–/æ¡ƒéˆ´ã­ã­ã€‘,131872,2021-04-03T17:44:36Z,https://www.youtube.com/watch?v=8k7JJ6jiqe8,http://img.youtube.com/vi/8k7JJ6jiqe8/hqdefault.jpg,2021-06-08T00:00:00,2021-06-08T00:00:00
49,BSll4NtQIu8,ã€APEXã€‘ğŸ‘1KILL CHALENGEğŸ‘ã€æ¡ƒéˆ´ã­ã­/ãƒ›ãƒ­ãƒ©ã‚¤ãƒ–ã€‘,98152,2021-04-02T12:11:55Z,https://www.youtube.com/watch?v=BSll4NtQIu8,http://img.youtube.com/vi/BSll4NtQIu8/hqdefault.jpg,2021-06-08T00:00:00,2021-06-08T00:00:00
50,zPow2ty78Yw,ã€Minecraftã€‘ğŸ‘BILLD CASTLE #2ğŸ‘ã€ãƒ›ãƒ­ãƒ©ã‚¤ãƒ–/æ¡ƒéˆ´ã­ã­ã€‘,130166,2021-03-31T16:20:17Z,https://www.youtube.com/watch?v=zPow2ty78Yw,http://img.youtube.com/vi/zPow2ty78Yw/hqdefault.jpg,2021-06-08T00:00:00,2021-06-08T00:00:00
51,QMRZXPRzKb0,ã€æ­Œæ ã€‘ğŸ‘SUPERSING!ğŸ‘ã€ãƒ›ãƒ­ãƒ©ã‚¤ãƒ–/æ¡ƒéˆ´ã­ã­ã€‘,149099,2021-03-29T16:37:27Z,https://www.youtube.com/watch?v=QMRZXPRzKb0,http://img.youtube.com/vi/QMRZXPRzKb0/hqdefault.jpg,2021-06-08T00:00:00,2021-06-08T00:00:00
52,9tqHkkeHY-0,ã€Stardew Valleyã€‘åˆè¦‹ã§ã™ï¼ãŠé¡˜ã„ã—ã¾ã™ï¼ã€ãƒ›ãƒ­ãƒ©ã‚¤ãƒ–/æ¡ƒéˆ´ã­ã­ã€‘,129505,2021-03-26T17:21:19Z,https://www.youtube.com/watch?v=9tqHkkeHY-0,http://img.youtube.com/vi/9tqHkkeHY-0/hqdefault.jpg,2021-06-08T00:00:00,2021-06-08T00:00:00
53,cxFY344c8Os,ã€ç©ºæ°—èª­ã¿ã€‚ï¼“ã€‘ğŸ‘äººç”Ÿç©ºæ°—èª­ã¿ã—ã¦ã‚‹ğŸ‘ã€ãƒ›ãƒ­ãƒ©ã‚¤ãƒ–/æ¡ƒéˆ´ã­ã­ã€‘,96231,2021-03-25T15:41:29Z,https://www.youtube.com/watch?v=cxFY344c8Os,http://img.youtube.com/vi/cxFY344c8Os/hqdefault.jpg,2021-06-08T00:00:00,2021-06-08T00:00:00
54,LYSufxVZXAQ,ã€ãŠçµµã‹ãã€‘ğŸ‘LETS DRAWINGğŸ‘ã€ãƒ›ãƒ­ãƒ©ã‚¤ãƒ–/æ¡ƒéˆ´ã­ã­ã€‘,124624,2021-03-23T14:08:00Z,https://www.youtube.com/watch?v=LYSufxVZXAQ,http://img.youtube.com/vi/LYSufxVZXAQ/hqdefault.jpg,2021-06-08T00:00:00,2021-06-08T00:00:00
55,vmYhBqG0v7Q,ã€ãƒã‚±ãƒ¢ãƒ³å‰£ç›¾ã€‘ğŸ‘ã­ã­ã®ãƒã‚±ãƒ¢ãƒ³4å›ç›®ï¼ğŸ‘ã€ãƒ›ãƒ­ãƒ©ã‚¤ãƒ–/æ¡ƒéˆ´ã­ã­ã€‘,62193,2021-03-21T15:20:51Z,https://www.youtube.com/watch?v=vmYhBqG0v7Q,http://img.youtube.com/vi/vmYhBqG0v7Q/hqdefault.jpg,2021-06-08T00:00:00,2021-06-08T00:00:00
56,wVnE6T0E3yg,ã€æ­Œæ ã€‘ğŸ‘SINGSINGSINGSING!!ğŸ‘ã€ãƒ›ãƒ­ãƒ©ã‚¤ãƒ–/æ¡ƒéˆ´ã­ã­ã€‘,107304,2021-03-20T16:18:12Z,https://www.youtube.com/watch?v=wVnE6T0E3yg,http://img.youtube.com/vi/wVnE6T0E3yg/hqdefault.jpg,2021-06-08T00:00:00,2021-06-08T00:00:00
57,dPmypkqAqcA,ã€ã‚°ãƒ«ãƒ¼ãƒ´ã‚³ãƒ¼ã‚¹ã‚¿ãƒ¼ã€‘ğŸ‘éŠã¶ãï¼ï¼ï¼ğŸ‘ã€ãƒ›ãƒ­ãƒ©ã‚¤ãƒ–/æ¡ƒéˆ´ã­ã­ã€‘,63710,2021-03-19T11:13:48Z,https://www.youtube.com/watch?v=dPmypkqAqcA,http://img.youtube.com/vi/dPmypkqAqcA/hqdefault.jpg,2021-06-08T00:00:00,2021-06-08T00:00:00
58,J-5I1kebOfU,ã€ãƒã‚±ãƒ¢ãƒ³å‰£ç›¾ã€‘ğŸ‘PIKAğŸ‘ã€ãƒ›ãƒ­ãƒ©ã‚¤ãƒ–/æ¡ƒéˆ´ã­ã­ã€‘,104633,2021-03-17T12:20:44Z,https://www.youtube.com/watch?v=J-5I1kebOfU,http://img.youtube.com/vi/J-5I1kebOfU/hqdefault.jpg,2021-06-08T00:00:00,2021-06-08T00:00:00
59,iEFnU417Buc,ã€Minecraftã€‘ğŸ‘ç–²ã‚ŒãŸã€åŸãŒæ¬²ã—ã„ğŸ‘ã€ãƒ›ãƒ­ãƒ©ã‚¤ãƒ–/æ¡ƒéˆ´ã­ã­ã€‘,84334,2021-03-16T11:54:21Z,https://www.youtube.com/watch?v=iEFnU417Buc,http://img.youtube.com/vi/iEFnU417Buc/hqdefault.jpg,2021-06-08T00:00:00,2021-06-08T00:00:00
60,28kE7LiAR6E,ã€ãƒã‚±ãƒ¢ãƒ³å‰£ç›¾ã€‘ğŸ‘é€²ã‚ï¼GO!ğŸ‘ã€ãƒ›ãƒ­ãƒ©ã‚¤ãƒ–/æ¡ƒéˆ´ã­ã­ã€‘,115753,2021-03-15T12:23:04Z,https://www.youtube.com/watch?v=28kE7LiAR6E,http://img.youtube.com/vi/28kE7LiAR6E/hqdefault.jpg,2021-06-08T00:00:00,2021-06-08T00:00:00
61,NRSLAAkeh9Y,ã€STADYã€‘ğŸ‘TEACH PLEASE #2ğŸ‘ã€ãƒ›ãƒ­ãƒ©ã‚¤ãƒ–/æ¡ƒéˆ´ã­ã­ã€‘,90025,2021-03-15T05:41:48Z,https://www.youtube.com/watch?v=NRSLAAkeh9Y,http://img.youtube.com/vi/NRSLAAkeh9Y/hqdefault.jpg,2021-06-08T00:00:00,2021-06-08T00:00:00
62,IM8DsbwJl3I,ã€Cooking Simulatorã€‘ğŸ‘ãƒ›ãƒ¯ã‚¤ãƒˆãƒ‡ãƒ¼ã ã‚ˆï¼ï¼ŸğŸ‘ã€ãƒ›ãƒ­ãƒ©ã‚¤ãƒ–/æ¡ƒéˆ´ã­ã­ã€‘,91076,2021-03-14T13:48:12Z,https://www.youtube.com/watch?v=IM8DsbwJl3I,http://img.youtube.com/vi/IM8DsbwJl3I/hqdefault.jpg,2021-06-08T00:00:00,2021-06-08T00:00:00
63,jQMdS0Jlql4,ã€ãŠçµµã‹ãã€‘ğŸ‘LETS DRAWINGğŸ‘ã€ãƒ›ãƒ­ãƒ©ã‚¤ãƒ–/æ¡ƒéˆ´ã­ã­ã€‘,143045,2021-03-12T06:33:26Z,https://www.youtube.com/watch?v=jQMdS0Jlql4,http://img.youtube.com/vi/jQMdS0Jlql4/hqdefault.jpg,2021-06-08T00:00:00,2021-06-08T00:00:00
64,11HJEOyV4QU,ã€New ã‚¹ãƒ¼ãƒ‘ãƒ¼ãƒãƒªã‚ªãƒ–ãƒ©ã‚¶ãƒ¼ã‚º U ãƒ‡ãƒ©ãƒƒã‚¯ã‚¹ã€‘ğŸ‘å‹ã¤ãğŸ‘ã€ãƒ›ãƒ­ãƒ©ã‚¤ãƒ–/æ¡ƒéˆ´ã­ã­ã€‘,114192,2021-03-09T13:01:06Z,https://www.youtube.com/watch?v=11HJEOyV4QU,http://img.youtube.com/vi/11HJEOyV4QU/hqdefault.jpg,2021-06-08T00:00:00,2021-06-08T00:00:00
65,judZi1eMWas,ã€æ­Œæ ã€‘ğŸ‘SINGğŸ‘ã€ãƒ›ãƒ­ãƒ©ã‚¤ãƒ–/æ¡ƒéˆ´ã­ã­ã€‘,143986,2021-03-08T11:17:26Z,https://www.youtube.com/watch?v=judZi1eMWas,http://img.youtube.com/vi/judZi1eMWas/hqdefault.jpg,2021-06-08T00:00:00,2021-06-08T00:00:00
66,JSAtuOuWmMw,ã€æ˜¼é›‘ã€‘ğŸ‘LUNCHğŸ‘ã€ãƒ›ãƒ­ãƒ©ã‚¤ãƒ–/æ¡ƒéˆ´ã­ã­ã€‘,80740,2021-03-08T05:33:51Z,https://www.youtube.com/watch?v=JSAtuOuWmMw,http://img.youtube.com/vi/JSAtuOuWmMw/hqdefault.jpg,2021-06-08T00:00:00,2021-06-08T00:00:00
67,7OaiQTo9N20,ã€ãƒã‚±ãƒ¢ãƒ³å‰£ç›¾ã€‘I CANT WAIT!!!!!!!!!!!! ã€ãƒ›ãƒ­ãƒ©ã‚¤ãƒ–/æ¡ƒéˆ´ã­ã­ã€‘,115067,2021-03-06T10:45:23Z,https://www.youtube.com/watch?v=7OaiQTo9N20,http://img.youtube.com/vi/7OaiQTo9N20/hqdefault.jpg,2021-06-08T00:00:00,2021-06-08T00:00:00
68,WAgAYhemm1I,ã€Minecraftã€‘I WAS GO DANCE LESSONã€ãƒ›ãƒ­ãƒ©ã‚¤ãƒ–/æ¡ƒéˆ´ã­ã­ã€‘,135272,2021-03-04T14:33:40Z,https://www.youtube.com/watch?v=WAgAYhemm1I,http://img.youtube.com/vi/WAgAYhemm1I/hqdefault.jpg,2021-06-08T00:00:00,2021-06-08T00:00:00
69,O6imGMAbqS4,ã€ãŠç¤¼ï¼†é›‘è«‡ã€‘ğŸ‘SUPERCHAT READINGğŸ‘ã€ãƒ›ãƒ­ãƒ©ã‚¤ãƒ–/æ¡ƒéˆ´ã­ã­ã€‘,65324,2021-03-03T17:28:38Z,https://www.youtube.com/watch?v=O6imGMAbqS4,http://img.youtube.com/vi/O6imGMAbqS4/hqdefault.jpg,2021-06-08T00:00:00,2021-06-08T00:00:00
70,LzDYVX5VpEs,ã€1st singleã€‘ğŸ‘ã­ã­ã­ã­ã­ã­ã­ã­ï¼å¤§çˆ†èµ°ğŸ‘ç™ºå£²COUNTDOWNï¼ã€æ¡ƒéˆ´ã­ã­/ãƒ›ãƒ­ãƒ©ã‚¤ãƒ–ã€‘,101610,2021-03-02T15:15:11Z,https://www.youtube.com/watch?v=LzDYVX5VpEs,http://img.youtube.com/vi/LzDYVX5VpEs/hqdefault.jpg,2021-06-08T00:00:00,2021-06-08T00:00:00
71,DhT754K7fLE,ã€é‡å¤§ç™ºè¡¨ã‚ã‚Šï¼ã€‘â™ªHAPPYBIRTHDAY TO NENECHIâ™ªï¼—thLIVEğŸ‘ã€æ¡ƒéˆ´ã­ã­/ãƒ›ãƒ­ãƒ©ã‚¤ãƒ–ã€‘,244268,2021-03-02T12:05:37Z,https://www.youtube.com/watch?v=DhT754K7fLE,http://img.youtube.com/vi/DhT754K7fLE/hqdefault.jpg,2021-06-08T00:00:00,2021-06-08T00:00:00
72,N6kbh4kNHKo,ã€æ™©é…Œâ‰ã€‘ğŸ‘HAPPYBIRTHDAY COUNTDOWNğŸ‘ã€ãƒ›ãƒ­ãƒ©ã‚¤ãƒ–/æ¡ƒéˆ´ã­ã­ã€‘,115228,2021-03-01T15:27:26Z,https://www.youtube.com/watch?v=N6kbh4kNHKo,http://img.youtube.com/vi/N6kbh4kNHKo/hqdefault.jpg,2021-06-08T00:00:00,2021-06-08T00:00:00
73,RtT_XZTTUuY,ã€è¦–è´è€…å‚åŠ å‹APEXã€‘ğŸ‘Letâ€™s play together!ğŸ‘ã€æ¡ƒéˆ´ã­ã­/ãƒ›ãƒ­ãƒ©ã‚¤ãƒ–ã€‘,114292,2021-02-28T16:21:17Z,https://www.youtube.com/watch?v=RtT_XZTTUuY,http://img.youtube.com/vi/RtT_XZTTUuY/hqdefault.jpg,2021-06-08T00:00:00,2021-06-08T00:00:00
74,eXQvoeKbPXo,ã€ã¤ãã®ã²ã€‘HAï¼Ÿï¼Ÿï¼Ÿï¼Ÿï¼Ÿï¼Ÿï¼Ÿï¼Ÿã€ãƒ›ãƒ­ãƒ©ã‚¤ãƒ–/æ¡ƒéˆ´ã­ã­ã€‘,120764,2021-02-26T13:52:44Z,https://www.youtube.com/watch?v=eXQvoeKbPXo,http://img.youtube.com/vi/eXQvoeKbPXo/hqdefault.jpg,2021-06-08T00:00:00,2021-06-08T00:00:00
75,_BqDWHzripE,ã€Minecraftã€‘IM SO GREATã€ãƒ›ãƒ­ãƒ©ã‚¤ãƒ–/æ¡ƒéˆ´ã­ã­ã€‘,250532,2021-02-24T07:11:51Z,https://www.youtube.com/watch?v=_BqDWHzripE,http://img.youtube.com/vi/_BqDWHzripE/hqdefault.jpg,2021-06-08T00:00:00,2021-06-08T00:00:00
76,efcesf8hq68,ã€ãŠç¤¼ï¼†é›‘è«‡ã€‘stay up lateã€ãƒ›ãƒ­ãƒ©ã‚¤ãƒ–/æ¡ƒéˆ´ã­ã­ã€‘,86736,2021-02-19T16:07:52Z,https://www.youtube.com/watch?v=efcesf8hq68,http://img.youtube.com/vi/efcesf8hq68/hqdefault.jpg,2021-06-08T00:00:00,2021-06-08T00:00:00
77,yXz5peiyn1I,ã€New ã‚¹ãƒ¼ãƒ‘ãƒ¼ãƒãƒªã‚ªãƒ–ãƒ©ã‚¶ãƒ¼ã‚º U ãƒ‡ãƒ©ãƒƒã‚¯ã‚¹ã€‘é€ƒã’ã‚‹ãªï¼ã€ãƒ›ãƒ­ãƒ©ã‚¤ãƒ–/æ¡ƒéˆ´ã­ã­ã€‘,108662,2021-02-18T12:38:36Z,https://www.youtube.com/watch?v=yXz5peiyn1I,http://img.youtube.com/vi/yXz5peiyn1I/hqdefault.jpg,2021-06-08T00:00:00,2021-06-08T00:00:00
78,dgM9Cb_TJxE,ã€Minecraftã€‘éå¸¸ã«ã¾ã£ãŸã‚Šã™ã‚‹ã€ãƒ›ãƒ­ãƒ©ã‚¤ãƒ–/æ¡ƒéˆ´ã­ã­ã€‘,151391,2021-02-15T11:35:45Z,https://www.youtube.com/watch?v=dgM9Cb_TJxE,http://img.youtube.com/vi/dgM9Cb_TJxE/hqdefault.jpg,2021-06-08T00:00:00,2021-06-08T00:00:00
79,NPqY2Yr_vdo,ã€é›‘è«‡æ­Œæ ã€‘ä»Šæ—¥ã‚‚ãƒœã‚¤ãƒˆãƒ¬ï¼ã€æ¡ƒéˆ´ã­ã­/ãƒ›ãƒ­ãƒ©ã‚¤ãƒ–ã€‘,95329,2021-02-12T14:25:29Z,https://www.youtube.com/watch?v=NPqY2Yr_vdo,http://img.youtube.com/vi/NPqY2Yr_vdo/hqdefault.jpg,2021-06-08T00:00:00,2021-06-08T00:00:00
80,JLhFWpCuIg4,ã€APEXã€‘ğŸ‘1KILL CHALLENGEğŸ‘ã€æ¡ƒéˆ´ã­ã­/ãƒ›ãƒ­ãƒ©ã‚¤ãƒ–ã€‘,112193,2021-02-10T11:24:15Z,https://www.youtube.com/watch?v=JLhFWpCuIg4,http://img.youtube.com/vi/JLhFWpCuIg4/hqdefault.jpg,2021-06-08T00:00:00,2021-06-08T00:00:00
81,XmyHd8YFDkw,ã€æ˜¼é›‘ã€‘ç‚­é…¸ã§ãŠè…¹ã„ã£ã±ã„ã«ã™ã‚‹ã‚¿ã‚¤ãƒ—ã€æ¡ƒéˆ´ã­ã­/ãƒ›ãƒ­ãƒ©ã‚¤ãƒ–ã€‘,127802,2021-02-10T06:20:48Z,https://www.youtube.com/watch?v=XmyHd8YFDkw,http://img.youtube.com/vi/XmyHd8YFDkw/hqdefault.jpg,2021-06-08T00:00:00,2021-06-08T00:00:00
82,GJsYspe2200,ã€Minecraftã€‘COWï¼ï¼ï¼ï¼ï¼COW!!!!!!!!!!!!!ã€ãƒ›ãƒ­ãƒ©ã‚¤ãƒ–/æ¡ƒéˆ´ã­ã­ã€‘,208274,2021-02-09T15:53:56Z,https://www.youtube.com/watch?v=GJsYspe2200,http://img.youtube.com/vi/GJsYspe2200/hqdefault.jpg,2021-06-08T00:00:00,2021-06-08T00:00:00
83,64WWD83tdiI,ã€Cooking Simulatorã€‘TODAY IS SWEEEEEEETã€ãƒ›ãƒ­ãƒ©ã‚¤ãƒ–/æ¡ƒéˆ´ã­ã­ã€‘,204983,2021-02-08T14:56:50Z,https://www.youtube.com/watch?v=64WWD83tdiI,http://img.youtube.com/vi/64WWD83tdiI/hqdefault.jpg,2021-06-08T00:00:00,2021-06-08T00:00:00
84,v50FB1hYqT0,ã€æ­Œæ ã€‘VERY VERY SINGINGã€æ¡ƒéˆ´ã­ã­/ãƒ›ãƒ­ãƒ©ã‚¤ãƒ–ã€‘,233338,2021-02-06T14:51:27Z,https://www.youtube.com/watch?v=v50FB1hYqT0,http://img.youtube.com/vi/v50FB1hYqT0/hqdefault.jpg,2021-06-08T00:00:00,2021-06-08T00:00:00
85,zsD1Bd4jdbY,ã€New ã‚¹ãƒ¼ãƒ‘ãƒ¼ãƒãƒªã‚ªãƒ–ãƒ©ã‚¶ãƒ¼ã‚º U ãƒ‡ãƒ©ãƒƒã‚¯ã‚¹ã€‘2é¢ã‚¯ãƒªã‚¢ã€ãƒ›ãƒ­ãƒ©ã‚¤ãƒ–/æ¡ƒéˆ´ã­ã­ã€‘,159410,2021-02-05T16:08:10Z,https://www.youtube.com/watch?v=zsD1Bd4jdbY,http://img.youtube.com/vi/zsD1Bd4jdbY/hqdefault.jpg,2021-06-08T00:00:00,2021-06-08T00:00:00
86,NrSphoyXkMQ,ã€#ã«ã˜ãƒ›ãƒ­ã‚ã‚‚ã‚ã™ã€‘ã¯ã˜ã‚ã¾ã—ã¦æ¡ƒéˆ´ã­ã­ã§ã™ğŸ‘ã€ãƒ›ãƒ­ãƒ©ã‚¤ãƒ–/æ¡ƒéˆ´ã­ã­ã€‘,259779,2021-02-04T14:16:31Z,https://www.youtube.com/watch?v=NrSphoyXkMQ,http://img.youtube.com/vi/NrSphoyXkMQ/hqdefault.jpg,2021-06-08T00:00:00,2021-06-08T00:00:00
87,lmAfQcIEHek,ã€Minecraftã€‘é‡‘åº«ã‚’ä½œã‚ŠãŸã„ï¼ã€ãƒ›ãƒ­ãƒ©ã‚¤ãƒ–/æ¡ƒéˆ´ã­ã­ã€‘,220650,2021-02-03T14:07:56Z,https://www.youtube.com/watch?v=lmAfQcIEHek,http://img.youtube.com/vi/lmAfQcIEHek/hqdefault.jpg,2021-06-08T00:00:00,2021-06-08T00:00:00
88,1W65CSYsYmw,ã€æ˜¼é›‘ã€‘TEACH PLEASEã€æ¡ƒéˆ´ã­ã­/ãƒ›ãƒ­ãƒ©ã‚¤ãƒ–ã€‘,202001,2021-02-03T05:56:28Z,https://www.youtube.com/watch?v=1W65CSYsYmw,http://img.youtube.com/vi/1W65CSYsYmw/hqdefault.jpg,2021-06-08T00:00:00,2021-06-08T00:00:00
89,nz-QXPL-9i8,ã€Planet Coasterã€‘NENECHILANDã‚’ä½œã‚Šã¾ã™ã€ ãƒ›ãƒ­ãƒ©ã‚¤ãƒ–/æ¡ƒéˆ´ã­ã­ã€‘,185451,2021-02-02T12:44:02Z,https://www.youtube.com/watch?v=nz-QXPL-9i8,http://img.youtube.com/vi/nz-QXPL-9i8/hqdefault.jpg,2021-06-08T00:00:00,2021-06-08T00:00:00
90,dXLDXlVZ7l0,ã€New ã‚¹ãƒ¼ãƒ‘ãƒ¼ãƒãƒªã‚ªãƒ–ãƒ©ã‚¶ãƒ¼ã‚º U ãƒ‡ãƒ©ãƒƒã‚¯ã‚¹ã€‘æœªçŸ¥æ•°ã™ãã‚‹ã€ãƒ›ãƒ­ãƒ©ã‚¤ãƒ–/æ¡ƒéˆ´ã­ã­ã€‘,193533,2021-02-01T15:22:28Z,https://www.youtube.com/watch?v=dXLDXlVZ7l0,http://img.youtube.com/vi/dXLDXlVZ7l0/hqdefault.jpg,2021-06-08T00:00:00,2021-06-08T00:00:00
91,oSrcIh-_4VE,ã€ãŠç¤¼æ ã€‘ã¿ã‚“ãªã»ã‚“ã¨ã«ã‚ã‚ŠãŒã¨ã†ğŸ‘ã€æ¡ƒéˆ´ã­ã­/ãƒ›ãƒ­ãƒ©ã‚¤ãƒ–ã€‘,290218,2021-01-31T17:26:20Z,https://www.youtube.com/watch?v=oSrcIh-_4VE,http://img.youtube.com/vi/oSrcIh-_4VE/hqdefault.jpg,2021-06-08T00:00:00,2021-06-08T00:00:00
92,kKqcQADSoIM,ã€æ­Œã£ã¦ã¿ãŸã€‘ç§ã€ã‚¢ã‚¤ãƒ‰ãƒ«å®£è¨€ã€ãƒ›ãƒ­ãƒ©ã‚¤ãƒ–/æ¡ƒéˆ´ã­ã­(cover)ã€‘,652017,2021-01-31T12:30:14Z,https://www.youtube.com/watch?v=kKqcQADSoIM,http://img.youtube.com/vi/kKqcQADSoIM/hqdefault.jpg,2021-06-08T00:00:00,2021-06-08T00:00:00
93,VMLjEUYLSy0,ã€ #æ¡ƒéˆ´ã­ã­æ–°ãƒ“ã‚¸ãƒ¥ã‚¢ãƒ«ã€‘NEW SUPERNENECHIã€æ¡ƒéˆ´ã­ã­/ãƒ›ãƒ­ãƒ©ã‚¤ãƒ–ã€‘,718431,2021-01-31T12:06:35Z,https://www.youtube.com/watch?v=VMLjEUYLSy0,http://img.youtube.com/vi/VMLjEUYLSy0/hqdefault.jpg,2021-06-08T00:00:00,2021-06-08T00:00:00
94,1H8yN9bLg98,ã€MEGA39sã€‘ãƒŸã‚¯ã¡ã‚ƒã‚“ã§ãƒŸã‚¯ã¡ã‚ƒã‚“ã—ã¦ã„ããŸã„ã¨æ€ã„ã¾ã™ã€ ãƒ›ãƒ­ãƒ©ã‚¤ãƒ–/æ¡ƒéˆ´ã­ã­ã€‘,182551,2021-01-29T12:27:48Z,https://www.youtube.com/watch?v=1H8yN9bLg98,http://img.youtube.com/vi/1H8yN9bLg98/hqdefault.jpg,2021-06-08T00:00:00,2021-06-08T00:00:00
95,qJmJmgQuXtM,ã€ãŠçµµæãã€‘æ™‚é–“ãŒã­ãˆï¼ï¼ï¼ï¼ã€æ¡ƒéˆ´ã­ã­/ãƒ›ãƒ­ãƒ©ã‚¤ãƒ–ã€‘,192054,2021-01-27T11:44:12Z,https://www.youtube.com/watch?v=qJmJmgQuXtM,http://img.youtube.com/vi/qJmJmgQuXtM/hqdefault.jpg,2021-06-08T00:00:00,2021-06-08T00:00:00
96,FT-CVr-dsXQ,ã€Minecraftã€‘ãŠã„ãŠã„ã€ã­ã­ãŒãã®ç—›ã¿ã‚’ä»£ã‚ã‚Šã«è² ãˆãªã„ã‹ï¼Ÿã€ #ã¾ãŒã¾ãŒãƒ¼ãšã€‘,255336,2021-01-26T20:15:31Z,https://www.youtube.com/watch?v=FT-CVr-dsXQ,http://img.youtube.com/vi/FT-CVr-dsXQ/hqdefault.jpg,2021-06-08T00:00:00,2021-06-08T00:00:00
97,VLVtogssPwY,ã€#AKUKINæœ¬ç¤¾å»ºè¨­ãƒªãƒ¬ãƒ¼ã€‘SENSEã€ ãƒ›ãƒ­ãƒ©ã‚¤ãƒ–/æ¡ƒéˆ´ã­ã­ã€‘,232766,2021-01-25T14:19:56Z,https://www.youtube.com/watch?v=VLVtogssPwY,http://img.youtube.com/vi/VLVtogssPwY/hqdefault.jpg,2021-06-08T00:00:00,2021-06-08T00:00:00
98,C3Eto24LFxo,ã€æ˜¼é›‘ã€‘ã‚ã¨ä¸€é€±é–“ã§æº–å‚™ã—ãªã„ã¨ã€æ¡ƒéˆ´ã­ã­/ãƒ›ãƒ­ãƒ©ã‚¤ãƒ–ã€‘,137949,2021-01-25T05:49:08Z,https://www.youtube.com/watch?v=C3Eto24LFxo,http://img.youtube.com/vi/C3Eto24LFxo/hqdefault.jpg,2021-06-08T00:00:00,2021-06-08T00:00:00
99,g_wsfBY9dKU,ã€ãƒ¢ãƒ¼ãƒªãƒ¼ã‚ªãƒ³ãƒ©ã‚¤ãƒ³ã€‘GO...GO...!!!!ã€ ãƒ›ãƒ­ãƒ©ã‚¤ãƒ–/æ¡ƒéˆ´ã­ã­ã€‘,104592,2021-01-23T15:36:29Z,https://www.youtube.com/watch?v=g_wsfBY9dKU,http://img.youtube.com/vi/g_wsfBY9dKU/hqdefault.jpg,2021-06-08T00:00:00,2021-06-08T00:00:00
100,c86iUSEONmE,ã€ã‚´ãƒƒãƒ‰ãƒ•ã‚£ãƒ¼ãƒ«ãƒ‰ã€‘äºŒäººã§ã¿ã‚“ãªã‚’ãƒœã‚³ã™ã€ãƒ›ãƒ­ãƒ©ã‚¤ãƒ–/ #ã­ã­ã½ã‚‹ã€‘,128958,2021-01-22T11:56:07Z,https://www.youtube.com/watch?v=c86iUSEONmE,http://img.youtube.com/vi/c86iUSEONmE/hqdefault.jpg,2021-06-08T00:00:00,2021-06-08T00:00:00
101,LzWED7O8Bjg,ã€æ˜¼é›‘ã€‘ã¡ã‚‡ã£ã¨èã„ã¦ã»ã—ã„ã€æ¡ƒéˆ´ã­ã­/ãƒ›ãƒ­ãƒ©ã‚¤ãƒ–ã€‘,86366,2021-01-22T05:18:58Z,https://www.youtube.com/watch?v=LzWED7O8Bjg,http://img.youtube.com/vi/LzWED7O8Bjg/hqdefault.jpg,2021-06-08T00:00:00,2021-06-08T00:00:00
102,Rxo4p4xKExo,ã€Cooking Simulatorã€‘ã‚­ãƒƒãƒãƒ³çµŒé¨“ã‚‚ã‚ã‚Šã¾ã™ã€ãƒ›ãƒ­ãƒ©ã‚¤ãƒ–/æ¡ƒéˆ´ã­ã­ã€‘,118406,2021-01-21T12:28:53Z,https://www.youtube.com/watch?v=Rxo4p4xKExo,http://img.youtube.com/vi/Rxo4p4xKExo/hqdefault.jpg,2021-06-08T00:00:00,2021-06-08T00:00:00
103,dNQUf7U6B3A,ã€Minecraftã€‘ã­ã­ã®é£Ÿã¹ç‰©ï¼ï¼ï¼ï¼ï¼ï¼ï¼ï¼ã€ ãƒ›ãƒ­ãƒ©ã‚¤ãƒ–/æ¡ƒéˆ´ã­ã­ã€‘,181699,2021-01-20T06:44:43Z,https://www.youtube.com/watch?v=dNQUf7U6B3A,http://img.youtube.com/vi/dNQUf7U6B3A/hqdefault.jpg,2021-06-08T00:00:00,2021-06-08T00:00:00
104,OD8tFhA83EU,ã€é›‘è«‡æ­Œæ ã€‘2021å¹´ä¸€æ®µã¨ãƒ†ãƒ³ã‚·ãƒ§ãƒ³é«˜ã‚ã®å…ˆç”Ÿã€æ¡ƒéˆ´ã­ã­/ãƒ›ãƒ­ãƒ©ã‚¤ãƒ–ã€‘,79618,2021-01-19T15:49:23Z,https://www.youtube.com/watch?v=OD8tFhA83EU,http://img.youtube.com/vi/OD8tFhA83EU/hqdefault.jpg,2021-06-08T00:00:00,2021-06-08T00:00:00
105,SrVn2NKmwtw,ã€ãƒ¢ãƒ¼ãƒªãƒ¼ã‚ªãƒ³ãƒ©ã‚¤ãƒ³ã€‘GET...GETâ€¦ï¼ï¼ï¼ã€ ãƒ›ãƒ­ãƒ©ã‚¤ãƒ–/æ¡ƒéˆ´ã­ã­ã€‘,117777,2021-01-18T11:09:10Z,https://www.youtube.com/watch?v=SrVn2NKmwtw,http://img.youtube.com/vi/SrVn2NKmwtw/hqdefault.jpg,2021-06-08T00:00:00,2021-06-08T00:00:00
106,vbT2OGs9CDs,ã€æ˜¼é›‘ã€‘ã­ã­ã¡ã®æ˜¼ã­ã­ã¡ã€æ¡ƒéˆ´ã­ã­/ãƒ›ãƒ­ãƒ©ã‚¤ãƒ–ã€‘,108505,2021-01-18T05:55:29Z,https://www.youtube.com/watch?v=vbT2OGs9CDs,http://img.youtube.com/vi/vbT2OGs9CDs/hqdefault.jpg,2021-06-08T00:00:00,2021-06-08T00:00:00
107,p-ZVi6DPwLc,ã€æ˜¼é›‘ã€‘ãˆã¸ã¸ã¸ã¸ã¸ã€è©±ãã†ãï¼ã€æ¡ƒéˆ´ã­ã­/ãƒ›ãƒ­ãƒ©ã‚¤ãƒ–ã€‘,106845,2021-01-16T04:42:37Z,https://www.youtube.com/watch?v=p-ZVi6DPwLc,http://img.youtube.com/vi/p-ZVi6DPwLc/hqdefault.jpg,2021-06-08T00:00:00,2021-06-08T00:00:00
108,s7mNQcnCnKw,ã€#ãƒ›ãƒ­ãŠæ­£æœˆCUPã€‘å‹ã¤ã‚ã‚ˆï½ï½ï½ï½ï¼ï¼ï¾Œï¾ï½µï½µï½«ï½«ï½«ï½µï¾ï¼ï¼ï¼ã€æ¡ƒéˆ´ã­ã­è¦–ç‚¹ã€‘,126411,2021-01-11T12:41:39Z,https://www.youtube.com/watch?v=s7mNQcnCnKw,http://img.youtube.com/vi/s7mNQcnCnKw/hqdefault.jpg,2021-06-08T00:00:00,2021-06-08T00:00:00
109,Htv57U7Y4x4,ã€ãƒãƒªã‚ªã‚«ãƒ¼ãƒˆ8DXã€‘ã­ãˆã€ã³ã£ãã‚Šã™ã‚‹ã»ã©å¼·ããªã£ãŸã€ãƒ›ãƒ­ãƒ©ã‚¤ãƒ–/æ¡ƒéˆ´ã­ã­ã€‘,109164,2021-01-09T03:19:11Z,https://www.youtube.com/watch?v=Htv57U7Y4x4,http://img.youtube.com/vi/Htv57U7Y4x4/hqdefault.jpg,2021-06-08T00:00:00,2021-06-08T00:00:00
110,n8j6d6Zxv3M,ã€ãƒãƒªã‚ªã‚«ãƒ¼ãƒˆ8DXã€‘å‹ã£ãŸãªã€ãƒ›ãƒ­ãƒ©ã‚¤ãƒ–/æ¡ƒéˆ´ã­ã­ã€‘,88230,2021-01-08T12:20:52Z,https://www.youtube.com/watch?v=n8j6d6Zxv3M,http://img.youtube.com/vi/n8j6d6Zxv3M/hqdefault.jpg,2021-06-08T00:00:00,2021-06-08T00:00:00
111,hhEO1tJKnuE,ã€Minecraftã€‘ãƒ¬ã‚¢ã‚¢ã‚¤ãƒ†ãƒ ã€ãªã„ã£ã™ã‹ï¼ã€ ãƒ›ãƒ­ãƒ©ã‚¤ãƒ–/æ¡ƒéˆ´ã­ã­ã€‘,121784,2021-01-08T05:09:16Z,https://www.youtube.com/watch?v=hhEO1tJKnuE,http://img.youtube.com/vi/hhEO1tJKnuE/hqdefault.jpg,2021-06-08T00:00:00,2021-06-08T00:00:00
112,dOhCA_ObsVs,ã€Pummel Partyã€‘å‹æƒ…ï¼Ÿï¼Ÿå£Šã‚Œã‚‹ã‚ã‘ãªã„ã˜ã‚ƒãƒ¼ãƒ¼ã‚“ï¼ã€ #ã‹ãªã¨ã‚ã­ã­ã‚‰ã¿ã€‘,147408,2021-01-06T12:12:39Z,https://www.youtube.com/watch?v=dOhCA_ObsVs,http://img.youtube.com/vi/dOhCA_ObsVs/hqdefault.jpg,2021-06-08T00:00:00,2021-06-08T00:00:00
113,DKvfWVYPTdM,ã€æ­Œç·´ã€‘æ–°å¹´åˆå£°å‡ºã—ï¼ã€æ¡ƒéˆ´ã­ã­/ãƒ›ãƒ­ãƒ©ã‚¤ãƒ–ã€‘,92007,2021-01-06T04:25:31Z,https://www.youtube.com/watch?v=DKvfWVYPTdM,http://img.youtube.com/vi/DKvfWVYPTdM/hqdefault.jpg,2021-06-08T00:00:00,2021-06-08T00:00:00
114,EonTR07UjXQ,ã€Minecraftã€‘æ–°ã—ã„ã¾ãŒã¾ãŒã£ã¦ãƒ›ãƒ³ãƒˆï¼ï¼Ÿã€æ¡ƒéˆ´ã­ã­/ é›ªèŠ±ãƒ©ãƒŸã‚£ã€‘,148455,2021-01-03T08:42:29Z,https://www.youtube.com/watch?v=EonTR07UjXQ,http://img.youtube.com/vi/EonTR07UjXQ/hqdefault.jpg,2021-06-08T00:00:00,2021-06-08T00:00:00
115,2dODcM458Bg,ã€æ˜¼é›‘ã€‘ãŠã¯ã‚ˆã†2021ï¼ï¼ï¼ï¼ï¼ï¼ã€æ¡ƒéˆ´ã­ã­/ãƒ›ãƒ­ãƒ©ã‚¤ãƒ–ã€‘,258928,2021-01-01T03:33:37Z,https://www.youtube.com/watch?v=2dODcM458Bg,http://img.youtube.com/vi/2dODcM458Bg/hqdefault.jpg,2021-06-08T00:00:00,2021-06-08T00:00:00
116,Qpc_weDK73Q,ã€æ˜¼é›‘ã€‘ã­ã­ã®2020å¹´ï¼ã€æ¡ƒéˆ´ã­ã­/ãƒ›ãƒ­ãƒ©ã‚¤ãƒ–ã€‘,84200,2020-12-31T06:08:36Z,https://www.youtube.com/watch?v=Qpc_weDK73Q,http://img.youtube.com/vi/Qpc_weDK73Q/hqdefault.jpg,2021-06-08T00:00:00,2021-06-08T00:00:00
117,22rt5Xnte6k,ã€ã‚´ãƒƒãƒ‰ãƒ•ã‚£ãƒ¼ãƒ«ãƒ‰ã€‘ä»Šæ—¥ã¯ã­ã€è¦‹ãˆãŸã­å‹ã¡ãŒâœ¨ã€ãƒ›ãƒ­ãƒ©ã‚¤ãƒ–/ #ã­ã½ã‚‰ã¼ã€‘,243028,2020-12-30T15:38:27Z,https://www.youtube.com/watch?v=22rt5Xnte6k,http://img.youtube.com/vi/22rt5Xnte6k/hqdefault.jpg,2021-06-08T00:00:00,2021-06-08T00:00:00
118,YAteDkfyuKA,ã€APEXã€‘âœ¨ï¼‘MATCHï¼’KILL CHALLENGEâœ¨ã€æ¡ƒéˆ´ã­ã­/ãƒ›ãƒ­ãƒ©ã‚¤ãƒ–ã€‘,101447,2020-12-28T15:32:32Z,https://www.youtube.com/watch?v=YAteDkfyuKA,http://img.youtube.com/vi/YAteDkfyuKA/hqdefault.jpg,2021-06-08T00:00:00,2021-06-08T00:00:00
119,bjJ7VBI7xR4,ã€Minecraftã€‘ã•ãã€ä»Šå®µã¯ENDã¸ã¨å‘ã‹ã†ãã‚ˆâ˜†ã€æ¡ƒéˆ´ã­ã­/ é›ªèŠ±ãƒ©ãƒŸã‚£ã€‘,157696,2020-12-27T19:31:49Z,https://www.youtube.com/watch?v=bjJ7VBI7xR4,http://img.youtube.com/vi/bjJ7VBI7xR4/hqdefault.jpg,2021-06-08T00:00:00,2021-06-08T00:00:00
120,0L19LAlXeZI,ã€ #ãƒ›ãƒ­ãƒ©ã‚¤ãƒ–ã‚¯ãƒªã‚¹ãƒã‚¹ã€‘ã‚ã®æ›²ã‚‚â€¦ï¼ï¼Ÿæ­Œæ ãƒªãƒ¬ãƒ¼ï¼ã€æ¡ƒéˆ´ã­ã­/ãƒ›ãƒ­ãƒ©ã‚¤ãƒ–ã€‘,116193,2020-12-25T14:33:14Z,https://www.youtube.com/watch?v=0L19LAlXeZI,http://img.youtube.com/vi/0L19LAlXeZI/hqdefault.jpg,2021-06-08T00:00:00,2021-06-08T00:00:00
121,Lgo-v6TjQp4,ã€Minecraftã€‘ã­ã­ã‚‰ã¿åŒå±…ã€ä¸­äºŒç—…ãƒã‚¦ã‚¹ã€æ¡ƒéˆ´ã­ã­/ é›ªèŠ±ãƒ©ãƒŸã‚£ã€‘,71713,2020-12-25T02:03:28Z,https://www.youtube.com/watch?v=Lgo-v6TjQp4,http://img.youtube.com/vi/Lgo-v6TjQp4/hqdefault.jpg,2021-06-08T00:00:00,2021-06-08T00:00:00
122,jZPPn3RfmzI,ã€Minecraftã€‘ğŸ’‹WELCOME INAğŸ’‹ãƒãƒ«ã‚«ã¨ä¸€ç·’ã«ï¼ã€æ¡ƒéˆ´ã­ã­/ å°¾ä¸¸ãƒãƒ«ã‚«/Ninomae Ina'nisã€‘,107741,2020-12-24T01:11:25Z,https://www.youtube.com/watch?v=jZPPn3RfmzI,http://img.youtube.com/vi/jZPPn3RfmzI/hqdefault.jpg,2021-06-08T00:00:00,2021-06-08T00:00:00
123,BrjCcOrL6No,ã€é›‘è«‡æ­Œæ ã€‘èº«æŒ¯ã‚Šæ‰‹æŒ¯ã‚ŠãŒå¤§ãã„å…ˆç”Ÿã€æ¡ƒéˆ´ã­ã­/ãƒ›ãƒ­ãƒ©ã‚¤ãƒ–ã€‘,92757,2020-12-23T12:17:51Z,https://www.youtube.com/watch?v=BrjCcOrL6No,http://img.youtube.com/vi/BrjCcOrL6No/hqdefault.jpg,2021-06-08T00:00:00,2021-06-08T00:00:00
124,EbiyTSnJoxM,ã€Minecraftã€‘ãƒ©ã‚¤ãƒ–ã¨ãƒ€ã‚¤ãƒ¤ã£ã¦ä¼¼ã¦ã‚‹ã‚ˆã­ã€æ¡ƒéˆ´ã­ã­/ ãƒ›ãƒ­ãƒ©ã‚¤ãƒ–ã€‘,124333,2020-12-21T08:10:21Z,https://www.youtube.com/watch?v=EbiyTSnJoxM,http://img.youtube.com/vi/EbiyTSnJoxM/hqdefault.jpg,2021-06-08T00:00:00,2021-06-08T00:00:00
125,2tc5q8amAzY,ã€æ˜¼é›‘è«‡ã€‘æœèµ·ãã‚Œãªã„ç—…ã€æ¡ƒéˆ´ã­ã­/ãƒ›ãƒ­ãƒ©ã‚¤ãƒ–ã€‘,49291,2020-12-21T04:01:38Z,https://www.youtube.com/watch?v=2tc5q8amAzY,http://img.youtube.com/vi/2tc5q8amAzY/hqdefault.jpg,2021-06-08T00:00:00,2021-06-08T00:00:00
126,C9Wsz4iTzjY,ã€ã‚†ã‚‹ã‚†ã‚‹å‹•ç”»ã€‘â™ªLET'S TRY ABC SONGâ™ªã€ãƒ›ãƒ­ãƒ©ã‚¤ãƒ–/æ¡ƒéˆ´ã­ã­ã€‘,37934,2020-12-20T14:00:14Z,https://www.youtube.com/watch?v=C9Wsz4iTzjY,http://img.youtube.com/vi/C9Wsz4iTzjY/hqdefault.jpg,2021-06-08T00:00:00,2021-06-08T00:00:00
127,6oq14kABxT8,ã€APEXã€‘å‰å›1æ™‚é–“åŠã‹ã‹ã‚Šã¾ã—ãŸã€‚ã€æ¡ƒéˆ´ã­ã­/ãƒ›ãƒ­ãƒ©ã‚¤ãƒ–ã€‘,81286,2020-12-20T07:23:58Z,https://www.youtube.com/watch?v=6oq14kABxT8,http://img.youtube.com/vi/6oq14kABxT8/hqdefault.jpg,2021-06-08T00:00:00,2021-06-08T00:00:00
128,blsdI_jtgnA,ã€ãƒãƒªã‚ªã‚«ãƒ¼ãƒˆ8DXã€‘ãƒ‰ãƒ™ã¯ã‚„ã ã€‚ã€ãƒ›ãƒ­ãƒ©ã‚¤ãƒ–/æ¡ƒéˆ´ã­ã­ã€‘,54555,2020-12-19T13:34:26Z,https://www.youtube.com/watch?v=blsdI_jtgnA,http://img.youtube.com/vi/blsdI_jtgnA/hqdefault.jpg,2021-06-08T00:00:00,2021-06-08T00:00:00
129,pkHxymJGsIQ,ã€é›‘è«‡æ­Œæ ã€‘ä»Šæ—¥ã‚‚ãƒœã‚¤ãƒˆãƒ¬ã®å…ˆç”Ÿã¯å…ƒæ°—ã€æ¡ƒéˆ´ã­ã­/ãƒ›ãƒ­ãƒ©ã‚¤ãƒ–ã€‘,92082,2020-12-17T13:54:29Z,https://www.youtube.com/watch?v=pkHxymJGsIQ,http://img.youtube.com/vi/pkHxymJGsIQ/hqdefault.jpg,2021-06-08T00:00:00,2021-06-08T00:00:00
130,QE5cmcJQMZY,ã€Minecraftã€‘æ˜¼ã®ãƒã‚¤ã‚¯ãƒ©ï¼ã€æ¡ƒéˆ´ã­ã­/ ãƒ›ãƒ­ãƒ©ã‚¤ãƒ–ã€‘,101174,2020-12-16T05:31:44Z,https://www.youtube.com/watch?v=QE5cmcJQMZY,http://img.youtube.com/vi/QE5cmcJQMZY/hqdefault.jpg,2021-06-08T00:00:00,2021-06-08T00:00:00
131,uZwLPnDPvJc,ã€ç‰¹å…¸ä¼šã€‘SUPERCHATTHXï¼ï¼ï¼ã€æ¡ƒéˆ´ã­ã­/ãƒ›ãƒ­ãƒ©ã‚¤ãƒ–ã€‘,37678,2020-12-14T04:43:49Z,https://www.youtube.com/watch?v=uZwLPnDPvJc,http://img.youtube.com/vi/uZwLPnDPvJc/hqdefault.jpg,2021-06-08T00:00:00,2021-06-08T00:00:00
132,RPYlZMSGNbY,ã€Minecraftã€‘ãƒ€ã‚¤ãƒ¤ã‚’è‡ªåŠ›ã§ã‚²ãƒƒãƒˆã—ãŸã„ã€æ¡ƒéˆ´ã­ã­/ ãƒ›ãƒ­ãƒ©ã‚¤ãƒ–ã€‘,89029,2020-12-13T06:11:32Z,https://www.youtube.com/watch?v=RPYlZMSGNbY,http://img.youtube.com/vi/RPYlZMSGNbY/hqdefault.jpg,2021-06-08T00:00:00,2021-06-08T00:00:00
133,XUxOpBuC9mM,ã€ãƒ—ãƒ­ã‚»ã‚«ã€‘éŸ³ã‚²ãƒ¼ã€å¤§å¥½ãã€æ¡ƒéˆ´ã­ã­/ ãƒ›ãƒ­ãƒ©ã‚¤ãƒ–ã€‘,107089,2020-12-12T14:31:25Z,https://www.youtube.com/watch?v=XUxOpBuC9mM,http://img.youtube.com/vi/XUxOpBuC9mM/hqdefault.jpg,2021-06-08T00:00:00,2021-06-08T00:00:00
134,cB_dFGqR-_4,ã€Minecraftã€‘NENENDã€æ¡ƒéˆ´ã­ã­/ #ã­ã½ã‚‰ã¼ ã€‘,133537,2020-12-11T17:42:16Z,https://www.youtube.com/watch?v=cB_dFGqR-_4,http://img.youtube.com/vi/cB_dFGqR-_4/hqdefault.jpg,2021-06-08T00:00:00,2021-06-08T00:00:00
135,wbGSvTbCqm8,ã€APEXã€‘ä¹…ã—ã¶ã‚Š1ã‚­ãƒ«ãƒãƒ£ãƒ¬ãƒ³ã‚¸ã€æ¡ƒéˆ´ã­ã­/ãƒ›ãƒ­ãƒ©ã‚¤ãƒ–ã€‘,90708,2020-12-11T06:59:53Z,https://www.youtube.com/watch?v=wbGSvTbCqm8,http://img.youtube.com/vi/wbGSvTbCqm8/hqdefault.jpg,2021-06-08T00:00:00,2021-06-08T00:00:00
136,a5MEan7Il1Q,ã€æ˜¼é›‘è«‡ã€‘ã­ã­ã®ã²ã‚‹ã­ã­ã€æ¡ƒéˆ´ã­ã­/ãƒ›ãƒ­ãƒ©ã‚¤ãƒ–ã€‘,59049,2020-12-11T04:29:34Z,https://www.youtube.com/watch?v=a5MEan7Il1Q,http://img.youtube.com/vi/a5MEan7Il1Q/hqdefault.jpg,2021-06-08T00:00:00,2021-06-08T00:00:00
137,GV0QZ73ZDq8,ã€ãŠçµµã‹ãã€‘DRAWINGï¼ï¼ã€æ¡ƒéˆ´ã­ã­/ãƒ›ãƒ­ãƒ©ã‚¤ãƒ–ã€‘,78065,2020-12-10T11:34:59Z,https://www.youtube.com/watch?v=GV0QZ73ZDq8,http://img.youtube.com/vi/GV0QZ73ZDq8/hqdefault.jpg,2021-06-08T00:00:00,2021-06-08T00:00:00
138,N1UvIhPGrPc,ã€ã‚†ã‚‹ã‚†ã‚‹å‹•ç”»ã€‘HAAAAAAAAANã€ãƒ›ãƒ­ãƒ©ã‚¤ãƒ–/æ¡ƒéˆ´ã­ã­ã€‘,67933,2020-12-09T16:00:11Z,https://www.youtube.com/watch?v=N1UvIhPGrPc,http://img.youtube.com/vi/N1UvIhPGrPc/hqdefault.jpg,2021-06-08T00:00:00,2021-06-08T00:00:00
139,JlljaASirgk,ã€æ­Œæ ã€‘SINGINGNENENENE~â™ªã€æ¡ƒéˆ´ã­ã­/ãƒ›ãƒ­ãƒ©ã‚¤ãƒ–ã€‘,106461,2020-12-08T14:58:09Z,https://www.youtube.com/watch?v=JlljaASirgk,http://img.youtube.com/vi/JlljaASirgk/hqdefault.jpg,2021-06-08T00:00:00,2021-06-08T00:00:00
140,0BVUj_M_HfU,ã€æ¡ƒå¤ªéƒé›»é‰„ã€‘ã­ã½ã‚‰ã¼æ¡ƒé‰„ï¼ï¼ï¼ã€ #ã­ã½ã‚‰ã¼ /ãƒ›ãƒ­ãƒ©ã‚¤ãƒ–ã€‘,350349,2020-12-07T15:57:06Z,https://www.youtube.com/watch?v=0BVUj_M_HfU,http://img.youtube.com/vi/0BVUj_M_HfU/hqdefault.jpg,2021-06-08T00:00:00,2021-06-08T00:00:00
141,VfjEVeduYjw,ã€é›‘è«‡ã€‘ã­ã­ã¯é£Ÿã¹ã¾ã™ï¼ï¼ã€æ¡ƒéˆ´ã­ã­/ãƒ›ãƒ­ãƒ©ã‚¤ãƒ–ã€‘,83208,2020-12-07T05:32:49Z,https://www.youtube.com/watch?v=VfjEVeduYjw,http://img.youtube.com/vi/VfjEVeduYjw/hqdefault.jpg,2021-06-08T00:00:00,2021-06-08T00:00:00
142,qkJ0wjclbNM,ã€ã¿ã‚“ãªã®ãƒªã‚ºãƒ å¤©å›½ã€‘é›£ã—ããªã£ã¦ãã¦ã‚‚ã‚ã’ãªã„ï¼ã€æ¡ƒéˆ´ã­ã­/ãƒ›ãƒ­ãƒ©ã‚¤ãƒ–ã€‘,119089,2020-12-06T22:51:24Z,https://www.youtube.com/watch?v=qkJ0wjclbNM,http://img.youtube.com/vi/qkJ0wjclbNM/hqdefault.jpg,2021-06-08T00:00:00,2021-06-08T00:00:00
143,jlB2y_3h18g,ã€ã‚†ã‚‹ã‚†ã‚‹å‹•ç”»ã€‘Nn~~~PA!ã€æ¡ƒéˆ´ã­ã­/ãƒ›ãƒ­ãƒ©ã‚¤ãƒ–ã€‘,59260,2020-12-05T15:00:12Z,https://www.youtube.com/watch?v=jlB2y_3h18g,http://img.youtube.com/vi/jlB2y_3h18g/hqdefault.jpg,2021-06-08T00:00:00,2021-06-08T00:00:00
144,_n-ML3_b0-0,ã€LITTLE FRIENDSã€‘MAYUGEã¨ã­ã­ã®é›‘è«‡ã€æ¡ƒéˆ´ã­ã­/ãƒ›ãƒ­ãƒ©ã‚¤ãƒ–ã€‘,86878,2020-12-04T05:20:39Z,https://www.youtube.com/watch?v=_n-ML3_b0-0,http://img.youtube.com/vi/_n-ML3_b0-0/hqdefault.jpg,2021-06-08T00:00:00,2021-06-08T00:00:00
145,kiua0CTgBD0,ã€ã‚†ã‚‹ã‚†ã‚‹å‹•ç”»ã€‘NENENE~NENENE~â™ªã€æ¡ƒéˆ´ã­ã­/ãƒ›ãƒ­ãƒ©ã‚¤ãƒ–ã€‘,88982,2020-12-03T16:00:15Z,https://www.youtube.com/watch?v=kiua0CTgBD0,http://img.youtube.com/vi/kiua0CTgBD0/hqdefault.jpg,2021-06-08T00:00:00,2021-06-08T00:00:00
146,tK0-tUN1Wy8,ã€Good Job!ã€‘PERFECT JOOOOBã€æ¡ƒéˆ´ã­ã­/ãƒ›ãƒ­ãƒ©ã‚¤ãƒ–ã€‘,78733,2020-12-03T13:13:40Z,https://www.youtube.com/watch?v=tK0-tUN1Wy8,http://img.youtube.com/vi/tK0-tUN1Wy8/hqdefault.jpg,2021-06-08T00:00:00,2021-06-08T00:00:00
147,6TRTQXI_U7w,ã€ é›‘è«‡ï¼‹æ­Œ ã€‘ä»Šæ—¥ã¯è¤’ã‚ã‚‰ã‚ŒãŸã‚“ã ã£ã¦ã•ï¼ï¼ï¼ã€æ¡ƒéˆ´ã­ã­/ãƒ›ãƒ­ãƒ©ã‚¤ãƒ–ã€‘,110383,2020-12-02T14:36:52Z,https://www.youtube.com/watch?v=6TRTQXI_U7w,http://img.youtube.com/vi/6TRTQXI_U7w/hqdefault.jpg,2021-06-08T00:00:00,2021-06-08T00:00:00
148,lUy2DGUuPlw,ã€Minecraftã€‘ã‚²ãƒªãƒ©ãƒã‚¤ã‚¯ãƒ©ï¼çœ ããªã‚‹ã¾ã§ï¼ã€æ¡ƒéˆ´ã­ã­/ãƒ›ãƒ­ãƒ©ã‚¤ãƒ–ã€‘,125946,2020-12-01T17:32:43Z,https://www.youtube.com/watch?v=lUy2DGUuPlw,http://img.youtube.com/vi/lUy2DGUuPlw/hqdefault.jpg,2021-06-08T00:00:00,2021-06-08T00:00:00
149,BSX0bSZrB_k,ã€Minecraftã€‘é›‘è«‡ãƒã‚¤ã‚¯ãƒ©ã€æ¡ƒéˆ´ã­ã­/ãƒ›ãƒ­ãƒ©ã‚¤ãƒ–ã€‘,77910,2020-12-01T11:56:13Z,https://www.youtube.com/watch?v=BSX0bSZrB_k,http://img.youtube.com/vi/BSX0bSZrB_k/hqdefault.jpg,2021-06-08T00:00:00,2021-06-08T00:00:00
150,AuRFmkRVyvM,ã€ æ­Œæ  ã€‘5thLIVEãƒªãƒ™ãƒ³ã‚¸ï¼ï¼ï¼ï¼ï¼ã€æ¡ƒéˆ´ã­ã­/ãƒ›ãƒ­ãƒ©ã‚¤ãƒ–ã€‘,106067,2020-11-28T14:29:46Z,https://www.youtube.com/watch?v=AuRFmkRVyvM,http://img.youtube.com/vi/AuRFmkRVyvM/hqdefault.jpg,2021-06-08T00:00:00,2021-06-08T00:00:00
151,XqPzmmcR5KM,ã€Gang Beastsã€‘ã‚¬ãƒãƒ³ã‚³ã­ã½ã‚‰ã¼æ®´ã‚Šåˆã„ï¼ã€ #ã­ã½ã‚‰ã¼/ãŠçŸ¥ã‚‰ã›ã‚ã‚Šï¼ï¼ï¼ã€‘,219750,2020-11-27T13:11:37Z,https://www.youtube.com/watch?v=XqPzmmcR5KM,http://img.youtube.com/vi/XqPzmmcR5KM/hqdefault.jpg,2021-06-08T00:00:00,2021-06-08T00:00:00
152,KDAMmScf3kY,ã€Cooking Simulatorã€‘å¤œã”ã¯ã‚“ã€ä½œã£ã¦ã‚ã’ã‚‹ï¼ã€æ¡ƒéˆ´ã­ã­/ãƒ›ãƒ­ãƒ©ã‚¤ãƒ–ã€‘,75317,2020-11-26T10:10:36Z,https://www.youtube.com/watch?v=KDAMmScf3kY,http://img.youtube.com/vi/KDAMmScf3kY/hqdefault.jpg,2021-06-08T00:00:00,2021-06-08T00:00:00
153,Nb7dpMwHLI4,ã€ã¿ã‚“ãªã®ãƒªã‚ºãƒ å¤©å›½ã€‘ç£¨ãZEâ˜†ãƒªã‚ºãƒ ãƒƒãƒƒã€æ¡ƒéˆ´ã­ã­/ãƒ›ãƒ­ãƒ©ã‚¤ãƒ–ã€‘,124914,2020-11-25T12:17:05Z,https://www.youtube.com/watch?v=Nb7dpMwHLI4,http://img.youtube.com/vi/Nb7dpMwHLI4/hqdefault.jpg,2021-06-08T00:00:00,2021-06-08T00:00:00
154,bcW4myaOmF0,ã€LITTLE FRIENDSã€‘å­è‚²ã¦ã™ã‚‹ãï½(*'Ï‰'*)ã€æ¡ƒéˆ´ã­ã­/ãƒ›ãƒ­ãƒ©ã‚¤ãƒ–ã€‘,87814,2020-11-25T04:51:45Z,https://www.youtube.com/watch?v=bcW4myaOmF0,http://img.youtube.com/vi/bcW4myaOmF0/hqdefault.jpg,2021-06-08T00:00:00,2021-06-08T00:00:00
155,z_kTDf0I5yE,ã€æ™©é…Œã€‘ã¾ã£ãŸã‚Šèªã£ã¡ã‚ƒç‹ã€æ¡ƒéˆ´ã­ã­/ãƒ›ãƒ­ãƒ©ã‚¤ãƒ–ã€‘,90433,2020-11-24T16:02:49Z,https://www.youtube.com/watch?v=z_kTDf0I5yE,http://img.youtube.com/vi/z_kTDf0I5yE/hqdefault.jpg,2021-06-08T00:00:00,2021-06-08T00:00:00
156,_L9tiOd8A4c,ã€é›‘è«‡ã€‘ä»Šæ—¥ã¯é¢¨ãŒæ³£ã„ã¦ã„ã¾ã™ã­ï¼ã€æ¡ƒéˆ´ã­ã­/ãƒ›ãƒ­ãƒ©ã‚¤ãƒ–ã€‘,78593,2020-11-20T05:09:06Z,https://www.youtube.com/watch?v=_L9tiOd8A4c,http://img.youtube.com/vi/_L9tiOd8A4c/hqdefault.jpg,2021-06-08T00:00:00,2021-06-08T00:00:00
157,xHWeKp_j73c,ã€Human: Fall Flatã€‘ãƒ’ãƒ¥ãƒ¼ãƒãƒ³ãƒ©ãƒŸã‚£ãƒ•ãƒ©ãƒƒãƒˆã€æ¡ƒéˆ´ã­ã­/é›ªèŠ±ãƒ©ãƒŸã‚£ã€‘,68175,2020-11-19T14:31:12Z,https://www.youtube.com/watch?v=xHWeKp_j73c,http://img.youtube.com/vi/xHWeKp_j73c/hqdefault.jpg,2021-06-08T00:00:00,2021-06-08T00:00:00
158,eQoHM52_0DI,ã€Minecraftã€‘å®Œå…¨ã«è¿·å­ã€æ¡ƒéˆ´ã­ã­/ãƒ›ãƒ­ãƒ©ã‚¤ãƒ–ã€‘,93019,2020-11-19T07:59:08Z,https://www.youtube.com/watch?v=eQoHM52_0DI,http://img.youtube.com/vi/eQoHM52_0DI/hqdefault.jpg,2021-06-08T00:00:00,2021-06-08T00:00:00
159,Jdpr7uGA3LM,ã€ 30ä¸‡äººã‚ã‚ŠãŒã¨ã†âœ¨ ã€‘5thLIVEã€æ¡ƒéˆ´ã­ã­/ãƒ›ãƒ­ãƒ©ã‚¤ãƒ–ã€‘,116455,2020-11-18T12:03:03Z,https://www.youtube.com/watch?v=Jdpr7uGA3LM,http://img.youtube.com/vi/Jdpr7uGA3LM/hqdefault.jpg,2021-06-08T00:00:00,2021-06-08T00:00:00
160,urRV3jib9cE,ã€é›‘è«‡ã€‘å¯’ã„ï¼ï¼Ÿï¼ï¼Ÿï¼ï¼Ÿå¯’ã„ã€‚ã€æ¡ƒéˆ´ã­ã­/ãƒ›ãƒ­ãƒ©ã‚¤ãƒ–ã€‘,84898,2020-11-18T05:47:22Z,https://www.youtube.com/watch?v=urRV3jib9cE,http://img.youtube.com/vi/urRV3jib9cE/hqdefault.jpg,2021-06-08T00:00:00,2021-06-08T00:00:00
161,q5gTt9io9Ho,ã€ #å®‡å®™ãƒ›ãƒ­äººç‹¼ ã€‘ğŸ‘3äººã«ãªã£ãŸã‚‰ã‚¨ãƒãƒ¼ã‚¸ã‚§ãƒ³ã‚·ãƒ¼ğŸ‘ã€æ¡ƒéˆ´ã­ã­è¦–ç‚¹ã€‘,114149,2020-11-15T14:53:42Z,https://www.youtube.com/watch?v=q5gTt9io9Ho,http://img.youtube.com/vi/q5gTt9io9Ho/hqdefault.jpg,2021-06-08T00:00:00,2021-06-08T00:00:00
162,U3a1ITYoIAw,ã€Minecraftã€‘ã­ã­ã®éƒ¨å±‹ï¼ã€æ¡ƒéˆ´ã­ã­/ãƒ›ãƒ­ãƒ©ã‚¤ãƒ–ã€‘,130834,2020-11-14T16:09:14Z,https://www.youtube.com/watch?v=U3a1ITYoIAw,http://img.youtube.com/vi/U3a1ITYoIAw/hqdefault.jpg,2021-06-08T00:00:00,2021-06-08T00:00:00
163,V4lul4jWk9A,ã€ã¯ãŸã‚‰ãUFOã€‘IM NENEï¼ŒUFO FRIENDã€æ¡ƒéˆ´ã­ã­/ãƒ›ãƒ­ãƒ©ã‚¤ãƒ–ã€‘,70625,2020-11-13T11:26:03Z,https://www.youtube.com/watch?v=V4lul4jWk9A,http://img.youtube.com/vi/V4lul4jWk9A/hqdefault.jpg,2021-06-08T00:00:00,2021-06-08T00:00:00
164,xcVetOqe4bE,ã€é›‘è«‡ã€‘å†¬ã«è² ã‘ã‚‹ãªï¼ã€æ¡ƒéˆ´ã­ã­/ãƒ›ãƒ­ãƒ©ã‚¤ãƒ–ã€‘,42908,2020-11-13T04:07:12Z,https://www.youtube.com/watch?v=xcVetOqe4bE,http://img.youtube.com/vi/xcVetOqe4bE/hqdefault.jpg,2021-06-08T00:00:00,2021-06-08T00:00:00
165,2-f0wpNNzuU,ã€ãƒ‘ã‚¹ãƒ‘ãƒ«ãƒˆã‚¥ãƒ¼ã€‘ã©ã£ã¡ãŒæœ‰åç”»å®¶ã«ãªã‚‹ã®ã§ã—ã‚‡ã†ã‹ï¼Ÿã€æ¡ƒéˆ´ã­ã­/å°¾ä¸¸ãƒãƒ«ã‚«ã€‘,108531,2020-11-11T11:38:59Z,https://www.youtube.com/watch?v=2-f0wpNNzuU,http://img.youtube.com/vi/2-f0wpNNzuU/hqdefault.jpg,2021-06-08T00:00:00,2021-06-08T00:00:00
166,j2k94LYJJUQ,ã€é›‘è«‡ã€‘ãƒãƒƒã‚­ãƒ¼ã®æ—¥ï¼ã€æ¡ƒéˆ´ã­ã­/ãƒ›ãƒ­ãƒ©ã‚¤ãƒ–ã€‘,62817,2020-11-11T05:19:41Z,https://www.youtube.com/watch?v=j2k94LYJJUQ,http://img.youtube.com/vi/j2k94LYJJUQ/hqdefault.jpg,2021-06-08T00:00:00,2021-06-08T00:00:00
167,92118089XqM,ã€Minecraftã€‘å¤§å†’é™ºè¡Œãããƒƒãƒƒãƒƒï¼ï¼ï¼ã€æ¡ƒéˆ´ã­ã­/å¤è‰²ã¾ã¤ã‚Šã€‘,81666,2020-11-10T11:52:55Z,https://www.youtube.com/watch?v=92118089XqM,http://img.youtube.com/vi/92118089XqM/hqdefault.jpg,2021-06-08T00:00:00,2021-06-08T00:00:00
168,e3n6GZgjLt0,ã€ #ãƒ›ãƒ­å›½éš›AmongUs ã€‘âœ¨The word impossible is not in my dictionaryâœ¨ã€æ¡ƒéˆ´ã­ã­è¦–ç‚¹ã€‘,125143,2020-11-09T15:17:48Z,https://www.youtube.com/watch?v=e3n6GZgjLt0,http://img.youtube.com/vi/e3n6GZgjLt0/hqdefault.jpg,2021-06-08T00:00:00,2021-06-08T00:00:00
169,8eRpyDZmKI0,ã€é›‘è«‡ã€‘æ—©å¯é€±é–“ã«ã—ãŸã„ï¼ã€ãƒ›ãƒ­ãƒ©ã‚¤ãƒ–/æ¡ƒéˆ´ã­ã­ã€‘,78220,2020-11-09T05:22:48Z,https://www.youtube.com/watch?v=8eRpyDZmKI0,http://img.youtube.com/vi/8eRpyDZmKI0/hqdefault.jpg,2021-06-08T00:00:00,2021-06-08T00:00:00
170,r1uwGB4gL4I,ã€ãƒãƒªã‚ªã‚«ãƒ¼ãƒˆ8DXã€‘ã‚„ã£ã±ã‚³ãƒ³ãƒˆãƒ­ãƒ¼ãƒ©ãƒ¼ã ã‚ã€ãƒ›ãƒ­ãƒ©ã‚¤ãƒ–/æ¡ƒéˆ´ã­ã­ã€‘,80234,2020-11-08T11:06:45Z,https://www.youtube.com/watch?v=r1uwGB4gL4I,http://img.youtube.com/vi/r1uwGB4gL4I/hqdefault.jpg,2021-06-08T00:00:00,2021-06-08T00:00:00
171,0nO45Syuh8c,ã€phasmophobiaã€‘ã—ã—ã‚ã‚“ã¯ãƒ›ãƒ©ã‚²ã˜ã‚ƒãªã„ã£ã¦ã‚†ã£ã¦ãŸã€ãƒ›ãƒ­ãƒ©ã‚¤ãƒ–/æ¡ƒéˆ´ã­ã­ã€‘,122151,2020-11-07T14:17:28Z,https://www.youtube.com/watch?v=0nO45Syuh8c,http://img.youtube.com/vi/0nO45Syuh8c/hqdefault.jpg,2021-06-08T00:00:00,2021-06-08T00:00:00
172,O2-iWMavVBQ,ã€Minecraftã€‘ã„ããï¼ï¼è£…é£¾ç­ï¼ï¼ã€ãƒ›ãƒ­ãƒ©ã‚¤ãƒ–/æ¡ƒéˆ´ã­ã­ã€‘,142252,2020-11-06T17:12:39Z,https://www.youtube.com/watch?v=O2-iWMavVBQ,http://img.youtube.com/vi/O2-iWMavVBQ/hqdefault.jpg,2021-06-08T00:00:00,2021-06-08T00:00:00
173,LxTtoiHWpg4,ã€é›‘è«‡ã€‘ã³ã£ãã‚Šã™ã‚‹ã»ã©çœ ã‚Œãªã„ã€ãƒ›ãƒ­ãƒ©ã‚¤ãƒ–/æ¡ƒéˆ´ã­ã­ã€‘,74036,2020-11-06T05:06:45Z,https://www.youtube.com/watch?v=LxTtoiHWpg4,http://img.youtube.com/vi/LxTtoiHWpg4/hqdefault.jpg,2021-06-08T00:00:00,2021-06-08T00:00:00
174,Yy6YlpfBYuc,ã€ARKã€‘æç«œã‚­ãƒ³ã‚°ã«ã­ã­ã¯ãªã‚ŠãŸã„ã€ãƒ›ãƒ­ãƒ©ã‚¤ãƒ–/æ¡ƒéˆ´ã­ã­ã€‘,82523,2020-11-04T16:40:57Z,https://www.youtube.com/watch?v=Yy6YlpfBYuc,http://img.youtube.com/vi/Yy6YlpfBYuc/hqdefault.jpg,2021-06-08T00:00:00,2021-06-08T00:00:00
175,JTevvoRnoZE,ã€é›‘è«‡ã€‘ã‚³ãƒ¼ãƒ³ãƒã‚¿ãƒ¼ã‚¸ãƒ¥ã¨ã­ã­ã€ãƒ›ãƒ­ãƒ©ã‚¤ãƒ–/æ¡ƒéˆ´ã­ã­ã€‘,65329,2020-11-04T05:12:19Z,https://www.youtube.com/watch?v=JTevvoRnoZE,http://img.youtube.com/vi/JTevvoRnoZE/hqdefault.jpg,2021-06-08T00:00:00,2021-06-08T00:00:00
176,OaykBFS8TVQ,ã€é›‘è«‡ã€‘11æœˆå¯’ã„ï¼ï¼ï¼ï¼ï¼ï¼ã€ãƒ›ãƒ­ãƒ©ã‚¤ãƒ–/æ¡ƒéˆ´ã­ã­ã€‘,78269,2020-11-02T04:34:55Z,https://www.youtube.com/watch?v=OaykBFS8TVQ,http://img.youtube.com/vi/OaykBFS8TVQ/hqdefault.jpg,2021-06-08T00:00:00,2021-06-08T00:00:00
177,XjKVCORLBjI,ã€Minecraftã€‘ãƒãƒƒã‚­ãƒ¼ã®æ—¥ã¿ãŸã„ãªæ—¥ã€ãƒ›ãƒ­ãƒ©ã‚¤ãƒ–/æ¡ƒéˆ´ã­ã­ã€‘,112405,2020-11-01T16:00:30Z,https://www.youtube.com/watch?v=XjKVCORLBjI,http://img.youtube.com/vi/XjKVCORLBjI/hqdefault.jpg,2021-06-08T00:00:00,2021-06-08T00:00:00
178,69vsPfwz-PE,ã€æ­Œæ ã€‘âœ¨Halloweenã«æ­Œã†ã­ã­âœ¨ã€æ¡ƒéˆ´ã­ã­/ãƒ›ãƒ­ãƒ©ã‚¤ãƒ–ã€‘,109772,2020-10-31T15:23:16Z,https://www.youtube.com/watch?v=69vsPfwz-PE,http://img.youtube.com/vi/69vsPfwz-PE/hqdefault.jpg,2021-06-08T00:00:00,2021-06-08T00:00:00
179,MjciAwxSKtg,ã€Minecraftã€‘ã‹ã¼ã¡ã‚ƒã®è¢«ã‚Šç‰©ã€ãƒ›ãƒ­ãƒ©ã‚¤ãƒ–/æ¡ƒéˆ´ã­ã­ã€‘,133186,2020-10-30T12:37:39Z,https://www.youtube.com/watch?v=MjciAwxSKtg,http://img.youtube.com/vi/MjciAwxSKtg/hqdefault.jpg,2021-06-08T00:00:00,2021-06-08T00:00:00
180,V_oa8fjWN04,ã€é›‘è«‡ã€‘Happy Halloweenã€ãƒ›ãƒ­ãƒ©ã‚¤ãƒ–/æ¡ƒéˆ´ã­ã­ã€‘,69368,2020-10-30T04:33:20Z,https://www.youtube.com/watch?v=V_oa8fjWN04,http://img.youtube.com/vi/V_oa8fjWN04/hqdefault.jpg,2021-06-08T00:00:00,2021-06-08T00:00:00
181,zydnV07IES8,ã€AmongUsã€‘I'm not very good at English.ã€ãƒ›ãƒ­ãƒ©ã‚¤ãƒ–/æ¡ƒéˆ´ã­ã­ã€‘,93054,2020-10-30T02:37:40Z,https://www.youtube.com/watch?v=zydnV07IES8,http://img.youtube.com/vi/zydnV07IES8/hqdefault.jpg,2021-06-08T00:00:00,2021-06-08T00:00:00
182,iktgwag-eto,ã€ARK CRYSTAL ISLESã€‘åˆARKã«ã­ã­æ„Ÿå‹•ï¼ï¼ˆäºˆæ„Ÿï¼‰ã€ãƒ›ãƒ­ãƒ©ã‚¤ãƒ–/æ¡ƒéˆ´ã­ã­ã€‘,83163,2020-10-28T15:17:42Z,https://www.youtube.com/watch?v=iktgwag-eto,http://img.youtube.com/vi/iktgwag-eto/hqdefault.jpg,2021-06-08T00:00:00,2021-06-08T00:00:00
183,ibDqcAG3X6o,ã€Minecraftã€‘ãŠæ˜¼ã«ãƒã‚¤ã‚¯ãƒ©ãƒ‡ãƒ¼ãƒˆã ã‚ã‚ã‚ã€ãƒ›ãƒ­ãƒ©ã‚¤ãƒ–/æ¡ƒéˆ´ã­ã­ã€‘,112451,2020-10-28T05:28:23Z,https://www.youtube.com/watch?v=ibDqcAG3X6o,http://img.youtube.com/vi/ibDqcAG3X6o/hqdefault.jpg,2021-06-08T00:00:00,2021-06-08T00:00:00
184,MturuvnQWt8,ã€Minecraftã€‘ã­ã­ã ã‘é€²ã¿ãŒé…ã„ä»¶ã€ãƒ›ãƒ­ãƒ©ã‚¤ãƒ–/æ¡ƒéˆ´ã­ã­ã€‘,130227,2020-10-26T11:50:45Z,https://www.youtube.com/watch?v=MturuvnQWt8,http://img.youtube.com/vi/MturuvnQWt8/hqdefault.jpg,2021-06-08T00:00:00,2021-06-08T00:00:00
185,5S5EYbLcw4A,ã€ãŠçµµã‹ãã€‘âœ¨ãŠæ˜¼ã®ãƒ¡ã‚¤ã‚­ãƒ³ã‚°âœ¨ã€ãƒ›ãƒ­ãƒ©ã‚¤ãƒ–/æ¡ƒéˆ´ã­ã­ã€‘,80448,2020-10-26T05:09:13Z,https://www.youtube.com/watch?v=5S5EYbLcw4A,http://img.youtube.com/vi/5S5EYbLcw4A/hqdefault.jpg,2021-06-08T00:00:00,2021-06-08T00:00:00
186,HQxfsVsmi00,ã€æ­Œæ ã€‘AMAZING SINGINGã€æ¡ƒéˆ´ã­ã­/ãƒ›ãƒ­ãƒ©ã‚¤ãƒ–ã€‘,138165,2020-10-25T16:17:45Z,https://www.youtube.com/watch?v=HQxfsVsmi00,http://img.youtube.com/vi/HQxfsVsmi00/hqdefault.jpg,2021-06-08T00:00:00,2021-06-08T00:00:00
187,FVAmlLApoqk,ã€D4DJã€‘ãƒ‡ã‚£ã‚°ãƒ©ãƒ¼ã£ã¦ãªã‚“ã ï¼Ÿï¼DJã®ä¸–ç•Œã¸é£›ã³è¾¼ã‚ï¼ï¼ã€ãƒ›ãƒ­ãƒ©ã‚¤ãƒ–/æ¡ƒéˆ´ã­ã­ã€‘,39009,2020-10-25T11:00:05Z,https://www.youtube.com/watch?v=FVAmlLApoqk,http://img.youtube.com/vi/FVAmlLApoqk/hqdefault.jpg,2021-06-08T00:00:00,2021-06-08T00:00:00
188,faIzNuhI6jg,ã€#holoAmon9usã€‘NENE IS STRONGï¼ï¼ï¼ï¼ã€Among Usã€ã‚³ãƒ©ãƒœã€æ¡ƒéˆ´ã­ã­è¦–ç‚¹ã€‘,170329,2020-10-24T14:50:36Z,https://www.youtube.com/watch?v=faIzNuhI6jg,http://img.youtube.com/vi/faIzNuhI6jg/hqdefault.jpg,2021-06-08T00:00:00,2021-06-08T00:00:00
189,Imw4yUZNSX8,ã€#holoAmon9usã€‘NENE IS STRONGã€Among Usã€ã‚³ãƒ©ãƒœã€æ¡ƒéˆ´ã­ã­è¦–ç‚¹ã€‘,85661,2020-10-24T13:24:04Z,https://www.youtube.com/watch?v=Imw4yUZNSX8,http://img.youtube.com/vi/Imw4yUZNSX8/hqdefault.jpg,2021-06-08T00:00:00,2021-06-08T00:00:00
190,HdGNKeazlCs,ã€ãŠçµµã‹ãã€‘ã‹ã‚ã„ã„ã­ã­ã‚’æãï¼ˆè‡ªç”»è‡ªè³›ï¼‰ã€ãƒ›ãƒ­ãƒ©ã‚¤ãƒ–/æ¡ƒéˆ´ã­ã­ã€‘,60078,2020-10-20T10:06:33Z,https://www.youtube.com/watch?v=HdGNKeazlCs,http://img.youtube.com/vi/HdGNKeazlCs/hqdefault.jpg,2021-06-08T00:00:00,2021-06-08T00:00:00
191,KXxhjOrM9ms,ã€é›‘è«‡ã€‘ã­ã­ã¨ã¿ã‚“ãªã®æ°—æŒã¡ã€ãƒ›ãƒ­ãƒ©ã‚¤ãƒ–/æ¡ƒéˆ´ã­ã­ã€‘,76940,2020-10-18T02:40:45Z,https://www.youtube.com/watch?v=KXxhjOrM9ms,http://img.youtube.com/vi/KXxhjOrM9ms/hqdefault.jpg,2021-06-08T00:00:00,2021-06-08T00:00:00
192,ERcav-P6Wuo,ã€ãƒãƒªã‚ªã‚«ãƒ¼ãƒˆ8DXã€‘ã­ã­ã«å‹ã¦ã‚‹äºº0äººèª¬ã€ãƒ›ãƒ­ãƒ©ã‚¤ãƒ–/æ¡ƒéˆ´ã­ã­ã€‘,62616,2020-10-17T15:39:26Z,https://www.youtube.com/watch?v=ERcav-P6Wuo,http://img.youtube.com/vi/ERcav-P6Wuo/hqdefault.jpg,2021-06-08T00:00:00,2021-06-08T00:00:00
193,daJTPE9LZbs,ã€Minecraftã€‘ã­ã½ã‚‰ã¼ãƒ“ãƒ«ï¼ï¼ï¼ï¼ã€ãƒ›ãƒ­ãƒ©ã‚¤ãƒ–/æ¡ƒéˆ´ã­ã­ã€‘,102641,2020-10-16T11:22:11Z,https://www.youtube.com/watch?v=daJTPE9LZbs,http://img.youtube.com/vi/daJTPE9LZbs/hqdefault.jpg,2021-06-08T00:00:00,2021-06-08T00:00:00
194,1S-bYpbRs7I,ã€é›‘è«‡ã€‘ã­ã­ã¨ãƒ—ãƒã‚·ãƒ¥ãƒ¼ã€ãƒ›ãƒ­ãƒ©ã‚¤ãƒ–/æ¡ƒéˆ´ã­ã­ã€‘,68271,2020-10-16T08:15:54Z,https://www.youtube.com/watch?v=1S-bYpbRs7I,http://img.youtube.com/vi/1S-bYpbRs7I/hqdefault.jpg,2021-06-08T00:00:00,2021-06-08T00:00:00
195,mNWVxbbjxac,ã€#ãƒ›ãƒ­AmongUsã€‘NENE IS å¤§å˜˜ã¤ãã€Among Usã€ã‚³ãƒ©ãƒœã€æ¡ƒéˆ´ã­ã­è¦–ç‚¹ã€‘,158511,2020-10-15T11:51:54Z,https://www.youtube.com/watch?v=mNWVxbbjxac,http://img.youtube.com/vi/mNWVxbbjxac/hqdefault.jpg,2021-06-08T00:00:00,2021-06-08T00:00:00
196,pM4cTBum0gQ,ã€Minecraftã€‘ãŠæ˜¼ã®ãƒã‚¤ã‚¯ãƒ©ã€ãƒ›ãƒ­ãƒ©ã‚¤ãƒ–/æ¡ƒéˆ´ã­ã­ã€‘,87078,2020-10-14T05:04:46Z,https://www.youtube.com/watch?v=pM4cTBum0gQ,http://img.youtube.com/vi/pM4cTBum0gQ/hqdefault.jpg,2021-06-08T00:00:00,2021-06-08T00:00:00
197,MJt3YMbAxkM,ã€makingã€‘âœ¨ãŠç¤¼ã‚¤ãƒ©ã‚¹ãƒˆãƒ¡ã‚¤ã‚­ãƒ³ã‚°âœ¨ã€ãƒ›ãƒ­ãƒ©ã‚¤ãƒ–/æ¡ƒéˆ´ã­ã­ã€‘,34464,2020-10-13T11:00:11Z,https://www.youtube.com/watch?v=MJt3YMbAxkM,http://img.youtube.com/vi/MJt3YMbAxkM/hqdefault.jpg,2021-06-08T00:00:00,2021-06-08T00:00:00
198,_aMcNrk-oBA,ã€Minecraftã€‘é…ä¿¡äºˆå®šåœ°ã€ãƒ›ãƒ­ãƒ©ã‚¤ãƒ–/æ¡ƒéˆ´ã­ã­ã€‘,90128,2020-10-12T13:11:16Z,https://www.youtube.com/watch?v=_aMcNrk-oBA,http://img.youtube.com/vi/_aMcNrk-oBA/hqdefault.jpg,2021-06-08T00:00:00,2021-06-08T00:00:00
199,IPFGHD4Vb3M,ã€APEXã€‘ã‚«ã‚¯ã‚«ã‚¯ã—ãªã„ã§ãã ã•ã„ã€ #ã‚‚ã‚‚ã¡ã‚‡ã“ ã€‘,74504,2020-10-12T11:14:45Z,https://www.youtube.com/watch?v=IPFGHD4Vb3M,http://img.youtube.com/vi/IPFGHD4Vb3M/hqdefault.jpg,2021-06-08T00:00:00,2021-06-08T00:00:00
200,rayj_GiJlLA,ã€é›‘è«‡ã€‘ä»Šæ—¥ã¯æ˜å¤ªãƒ•ãƒ©ãƒ³ã‚¹ãƒ‘ã‚¡ãƒ³ï¼ã€ãƒ›ãƒ­ãƒ©ã‚¤ãƒ–/æ¡ƒéˆ´ã­ã­ã€‘,63812,2020-10-12T04:06:21Z,https://www.youtube.com/watch?v=rayj_GiJlLA,http://img.youtube.com/vi/rayj_GiJlLA/hqdefault.jpg,2021-06-08T00:00:00,2021-06-08T00:00:00
201,9C5CZ7hdcAo,ã€æ­Œæ ã€‘æ­Œã†ãï½ï½ï½ï½ï½ï½ï½ï½ã€æ¡ƒéˆ´ã­ã­/ãƒ›ãƒ­ãƒ©ã‚¤ãƒ–ã€‘,149380,2020-10-11T15:08:13Z,https://www.youtube.com/watch?v=9C5CZ7hdcAo,http://img.youtube.com/vi/9C5CZ7hdcAo/hqdefault.jpg,2021-06-08T00:00:00,2021-06-08T00:00:00
202,SxpncSv0V4c,ã€Minecraftã€‘ä¹…ã—ã¶ã‚Šã«ãƒã‚¤ã‚¯ãƒ©ï¼ã€ãƒ›ãƒ­ãƒ©ã‚¤ãƒ–/æ¡ƒéˆ´ã­ã­ã€‘,127560,2020-10-09T12:40:21Z,https://www.youtube.com/watch?v=SxpncSv0V4c,http://img.youtube.com/vi/SxpncSv0V4c/hqdefault.jpg,2021-06-08T00:00:00,2021-06-08T00:00:00
203,YK9860lPS7M,ã€é›‘è«‡ã€‘ä»Šæ—¥ã®ã”ã¯ã‚“ãŒã‚„ã°ã„ã€ãƒ›ãƒ­ãƒ©ã‚¤ãƒ–/æ¡ƒéˆ´ã­ã­ã€‘,63309,2020-10-09T04:28:59Z,https://www.youtube.com/watch?v=YK9860lPS7M,http://img.youtube.com/vi/YK9860lPS7M/hqdefault.jpg,2021-06-08T00:00:00,2021-06-08T00:00:00
204,re2ExzMr1y4,ã€é›‘è«‡ã€‘ã­ã‚€ï¼ï¼ï¼ï¼ï¼ï¼ï¼ï¼ï¼ã€ãƒ›ãƒ­ãƒ©ã‚¤ãƒ–/æ¡ƒéˆ´ã­ã­ã€‘,68060,2020-10-07T05:06:22Z,https://www.youtube.com/watch?v=re2ExzMr1y4,http://img.youtube.com/vi/re2ExzMr1y4/hqdefault.jpg,2021-06-08T00:00:00,2021-06-08T00:00:00
205,qVjxfe0IM_k,ã€ãƒãƒªã‚ªã‚«ãƒ¼ãƒˆ8DXã€‘ãƒãƒ«ã‚«ã­ã­ã‹ï¼Ÿï¼Ÿã€ã‚ªãƒ•ã‚³ãƒ©ãƒœã€‘,111898,2020-10-06T14:40:07Z,https://www.youtube.com/watch?v=qVjxfe0IM_k,http://img.youtube.com/vi/qVjxfe0IM_k/hqdefault.jpg,2021-06-08T00:00:00,2021-06-08T00:00:00
206,XYIHq30RV-k,ã€ãƒªãƒ³ã‚°ãƒ•ã‚£ãƒƒãƒˆã‚¢ãƒ‰ãƒ™ãƒ³ãƒãƒ£ãƒ¼ã€‘PERFECT NENECHIã€ãƒ›ãƒ­ãƒ©ã‚¤ãƒ–/æ¡ƒéˆ´ã­ã­ã€‘,114205,2020-10-05T11:40:03Z,https://www.youtube.com/watch?v=XYIHq30RV-k,http://img.youtube.com/vi/XYIHq30RV-k/hqdefault.jpg,2021-06-08T00:00:00,2021-06-08T00:00:00
207,o7e4Da79h_c,ã€é›‘è«‡ã€‘æ˜¼ï¼ï¼ï¼ï¼ï¼ï¼ï¼ï¼ï¼ï¼ï¼ã€ãƒ›ãƒ­ãƒ©ã‚¤ãƒ–/æ¡ƒéˆ´ã­ã­ã€‘,82743,2020-10-05T05:05:16Z,https://www.youtube.com/watch?v=o7e4Da79h_c,http://img.youtube.com/vi/o7e4Da79h_c/hqdefault.jpg,2021-06-08T00:00:00,2021-06-08T00:00:00
208,yZSajfNmeog,ã€ã¿ã‚“ãªã®ãƒªã‚ºãƒ å¤©å›½ã€‘ã‚‚ã¯ã‚„æ„Ÿå‹•ã®ãƒªã‚ºãƒ æ„Ÿã€ãƒ›ãƒ­ãƒ©ã‚¤ãƒ–/æ¡ƒéˆ´ã­ã­ã€‘,56526,2020-10-02T14:15:41Z,https://www.youtube.com/watch?v=yZSajfNmeog,http://img.youtube.com/vi/yZSajfNmeog/hqdefault.jpg,2021-06-08T00:00:00,2021-06-08T00:00:00
209,X1ajiO18QvE,ã€ãƒãƒªã‚ªã‚«ãƒ¼ãƒˆ8DXã€‘1ä½ã‚ã‚ŠãŒã¨ã†ï¼æœ€ã€Œå¼·ã€ç‹æ±ºå®šæˆ¦ï¼ã€ã­ã½ã‚‰ã¼ã€‘,82256,2020-10-01T13:07:43Z,https://www.youtube.com/watch?v=X1ajiO18QvE,http://img.youtube.com/vi/X1ajiO18QvE/hqdefault.jpg,2021-06-08T00:00:00,2021-06-08T00:00:00
210,ZOl5f6nE3OY,ã€ãƒã‚¤ã‚¯ãƒ©ã€‘5æœŸç”Ÿã®å¤œï¼ã€ãƒ›ãƒ­ãƒ©ã‚¤ãƒ–/æ¡ƒéˆ´ã­ã­ã€‘,82367,2020-09-29T17:30:14Z,https://www.youtube.com/watch?v=ZOl5f6nE3OY,http://img.youtube.com/vi/ZOl5f6nE3OY/hqdefault.jpg,2021-06-08T00:00:00,2021-06-08T00:00:00
211,UAxTKGoGJG0,ã€ãƒã‚¤ã‚¯ãƒ©ã€‘å®‰çœ ã—ãŸã„ã€ãƒ›ãƒ­ãƒ©ã‚¤ãƒ–/æ¡ƒéˆ´ã­ã­ã€‘,106431,2020-09-29T05:12:40Z,https://www.youtube.com/watch?v=UAxTKGoGJG0,http://img.youtube.com/vi/UAxTKGoGJG0/hqdefault.jpg,2021-06-08T00:00:00,2021-06-08T00:00:00
212,pYb7zdj0MBA,ã€é›‘è«‡ã€‘5æœŸãƒ“ãƒ«ã‚’è€ƒãˆã‚‹æ˜¼ï¼ï¼ï¼ã€ãƒ›ãƒ­ãƒ©ã‚¤ãƒ–/æ¡ƒéˆ´ã­ã­ã€‘,54257,2020-09-28T04:04:55Z,https://www.youtube.com/watch?v=pYb7zdj0MBA,http://img.youtube.com/vi/pYb7zdj0MBA/hqdefault.jpg,2021-06-08T00:00:00,2021-06-08T00:00:00
213,WP2Gn-k86A0,ã€Good Job!ã€‘ç¤¾é•·ã€ããŸã‚ã‚‹ã€ãƒ›ãƒ­ãƒ©ã‚¤ãƒ–/æ¡ƒéˆ´ã­ã­ã€‘,91795,2020-09-26T07:39:46Z,https://www.youtube.com/watch?v=WP2Gn-k86A0,http://img.youtube.com/vi/WP2Gn-k86A0/hqdefault.jpg,2021-06-08T00:00:00,2021-06-08T00:00:00
214,Vnn6TCgpGA4,ã€ #ã­ã­ãµãƒ ã€‘ã­ã­ã¯ã‚¤ã‚ªãƒ•ã‚£å…ˆè¼©ã¨ä»²è‰¯ããªã‚ŠãŸã„ã€ãŠçµµã‹ãã€‘,106386,2020-09-25T14:33:41Z,https://www.youtube.com/watch?v=Vnn6TCgpGA4,http://img.youtube.com/vi/Vnn6TCgpGA4/hqdefault.jpg,2021-06-08T00:00:00,2021-06-08T00:00:00
215,lBna3oE3P9U,ã€ãŠæ˜¼ï¼ã€‘é…”ã‚ãªã„ãƒã‚¤ã‚¯ãƒ©ã€ãƒ›ãƒ­ãƒ©ã‚¤ãƒ–/æ¡ƒéˆ´ã­ã­ã€‘,77605,2020-09-25T05:12:03Z,https://www.youtube.com/watch?v=lBna3oE3P9U,http://img.youtube.com/vi/lBna3oE3P9U/hqdefault.jpg,2021-06-08T00:00:00,2021-06-08T00:00:00
216,BLiwUoKqvo4,ã€ä¸–ç•Œã®ã‚¢ã‚½ãƒ“å¤§å…¨51ã€‘ãŠã¾ã‚‹ã‚“ã¯ãƒ¨ãƒƒãƒˆãŒå¥½ãã™ãã‚‹ã€å°¾ä¸¸ãƒãƒ«ã‚«/æ¡ƒéˆ´ã­ã­ã€‘,121738,2020-09-24T14:16:59Z,https://www.youtube.com/watch?v=BLiwUoKqvo4,http://img.youtube.com/vi/BLiwUoKqvo4/hqdefault.jpg,2021-06-08T00:00:00,2021-06-08T00:00:00
217,XWBiPn7JOHM,ã€ã¿ã‚“ãªã®ãƒªã‚ºãƒ å¤©å›½ã€‘ã‚¢ã‚¤ãƒ‰ãƒ«ã®ãƒªã‚ºãƒ æ„Ÿãªã‚ã‚“ãªã‚ã‚‹ï¼ã€ãƒ›ãƒ­ãƒ©ã‚¤ãƒ–/æ¡ƒéˆ´ã­ã­ã€‘,111573,2020-09-23T13:24:09Z,https://www.youtube.com/watch?v=XWBiPn7JOHM,http://img.youtube.com/vi/XWBiPn7JOHM/hqdefault.jpg,2021-06-08T00:00:00,2021-06-08T00:00:00
218,9kPPx5JMGmE,ã€é›‘è«‡ã€‘ãŸãŠãŸãŠæ˜Ÿã‹ã‚‰å¸°ã£ã¦ããŸï¼ã€ãƒ›ãƒ­ãƒ©ã‚¤ãƒ–/æ¡ƒéˆ´ã­ã­ã€‘,57811,2020-09-23T05:01:41Z,https://www.youtube.com/watch?v=9kPPx5JMGmE,http://img.youtube.com/vi/9kPPx5JMGmE/hqdefault.jpg,2021-06-08T00:00:00,2021-06-08T00:00:00
219,d0EAmUiOUwM,ã€ãƒã‚¤ã‚¯ãƒ©ã€‘ãƒã‚°ãƒé£›ã³è¾¼ã‚€ã‚ã‚‹ã€ãƒ›ãƒ­ãƒ©ã‚¤ãƒ–/æ¡ƒéˆ´ã­ã­ã€‘,110668,2020-09-22T14:12:16Z,https://www.youtube.com/watch?v=d0EAmUiOUwM,http://img.youtube.com/vi/d0EAmUiOUwM/hqdefault.jpg,2021-06-08T00:00:00,2021-06-08T00:00:00
220,aCAMZvLX1Gs,ã€ãƒãƒªã‚ªã‚«ãƒ¼ãƒˆ8DXã€‘ãƒšãƒ¼ãƒ‘ãƒ¼æœ€å¼·ï¼ã€ãƒ›ãƒ­ãƒ©ã‚¤ãƒ–/æ¡ƒéˆ´ã­ã­ã€‘,529678,2020-09-20T14:23:57Z,https://www.youtube.com/watch?v=aCAMZvLX1Gs,http://img.youtube.com/vi/aCAMZvLX1Gs/hqdefault.jpg,2021-06-08T00:00:00,2021-06-08T00:00:00
221,L13FNzKzf0k,ã€æ­Œç·´ã€‘ãƒ¬ãƒƒã‚¹ãƒ³ã™ã‚‹ãï½ğŸ’ªã€æ¡ƒéˆ´ã­ã­/ãƒ›ãƒ­ãƒ©ã‚¤ãƒ–ã€‘,86836,2020-09-19T15:08:30Z,https://www.youtube.com/watch?v=L13FNzKzf0k,http://img.youtube.com/vi/L13FNzKzf0k/hqdefault.jpg,2021-06-08T00:00:00,2021-06-08T00:00:00
222,Wp5c3X_DuR4,ã€ãŠãˆã‹ãã®æ£®ã€‘ã¿ã‚“ãªã§ãŠãˆã‹ãå‹è² ã‚ã‚‹âœ¨ã€ãƒ›ãƒ­ãƒ©ã‚¤ãƒ–/æ¡ƒéˆ´ã­ã­ã€‘,146659,2020-09-18T11:07:16Z,https://www.youtube.com/watch?v=Wp5c3X_DuR4,http://img.youtube.com/vi/Wp5c3X_DuR4/hqdefault.jpg,2021-06-08T00:00:00,2021-06-08T00:00:00
223,qyC1yWgvLSQ,ã€é›‘è«‡ã€‘å–‰ã¨å‹è² ã™ã‚‹æ˜¼ã€ãƒ›ãƒ­ãƒ©ã‚¤ãƒ–/æ¡ƒéˆ´ã­ã­ã€‘,52325,2020-09-18T04:10:09Z,https://www.youtube.com/watch?v=qyC1yWgvLSQ,http://img.youtube.com/vi/qyC1yWgvLSQ/hqdefault.jpg,2021-06-08T00:00:00,2021-06-08T00:00:00
224,kNrQcCjmnz0,ã€Good Job!ã€‘ã•ãã€åƒãã‚ã‚‹â€¦ã€ãƒ›ãƒ­ãƒ©ã‚¤ãƒ–/æ¡ƒéˆ´ã­ã­ã€‘,97643,2020-09-17T14:05:32Z,https://www.youtube.com/watch?v=kNrQcCjmnz0,http://img.youtube.com/vi/kNrQcCjmnz0/hqdefault.jpg,2021-06-08T00:00:00,2021-06-08T00:00:00
225,lS-s2s640Kc,ã€Left 4 Dead 2ã€‘ã‚¾ãƒ³ãƒ“ã ï½ï½ï¼ï¼ï¼ï¼âœ¨ã€ãƒ›ãƒ­ãƒ©ã‚¤ãƒ–/æ¡ƒéˆ´ã­ã­ã€‘,73406,2020-09-16T14:58:41Z,https://www.youtube.com/watch?v=lS-s2s640Kc,http://img.youtube.com/vi/lS-s2s640Kc/hqdefault.jpg,2021-06-08T00:00:00,2021-06-08T00:00:00
226,M1tJkiXGyeY,ã€é›‘è«‡ã€‘ãƒ‘ãƒ³ã®è³å‘³æœŸé™ã‚„ã°ã„ã€ãƒ›ãƒ­ãƒ©ã‚¤ãƒ–/æ¡ƒéˆ´ã­ã­ã€‘,73638,2020-09-16T05:25:33Z,https://www.youtube.com/watch?v=M1tJkiXGyeY,http://img.youtube.com/vi/M1tJkiXGyeY/hqdefault.jpg,2021-06-08T00:00:00,2021-06-08T00:00:00
227,z4iLO-xFfoc,ã€é›‘è«‡ã€‘ã­ã­ã®æ˜¼ã€ãŸã“ã‚„ãã«ãƒãƒã‚‹ã€ãƒ›ãƒ­ãƒ©ã‚¤ãƒ–/æ¡ƒéˆ´ã­ã­ã€‘,77085,2020-09-14T05:09:31Z,https://www.youtube.com/watch?v=z4iLO-xFfoc,http://img.youtube.com/vi/z4iLO-xFfoc/hqdefault.jpg,2021-06-08T00:00:00,2021-06-08T00:00:00
228,8dvY0bDt6DQ,ã€ ãƒ‡ãƒ“ãƒ¥ãƒ¼1ã‹æœˆâœ¨ã€‘ğŸ‘ãƒã‚·ãƒ¥ãƒãƒ­æ¡æ‰‹ä¼šğŸ‘ã€ãƒ›ãƒ­ãƒ©ã‚¤ãƒ–/æ¡ƒéˆ´ã­ã­ã€‘,65618,2020-09-13T12:36:48Z,https://www.youtube.com/watch?v=8dvY0bDt6DQ,http://img.youtube.com/vi/8dvY0bDt6DQ/hqdefault.jpg,2021-06-08T00:00:00,2021-06-08T00:00:00
229,DF0muzWDk9U,ã€ãŠçµµã‹ãã€‘ã­ã­ãƒ—ãƒ­ã€æˆé•·ã€ãƒ›ãƒ­ãƒ©ã‚¤ãƒ–/æ¡ƒéˆ´ã­ã­ã€‘,82965,2020-09-12T15:28:11Z,https://www.youtube.com/watch?v=DF0muzWDk9U,http://img.youtube.com/vi/DF0muzWDk9U/hqdefault.jpg,2021-06-08T00:00:00,2021-06-08T00:00:00
230,Ihmw7hL0qQk,ã€Free chatã€‘ã­ã­ã®æ¥½å±‹ã€ãƒ›ãƒ­ãƒ©ã‚¤ãƒ–/æ¡ƒéˆ´ã­ã­ã€‘,0,2020-09-12T11:51:24Z,https://www.youtube.com/watch?v=Ihmw7hL0qQk,http://img.youtube.com/vi/Ihmw7hL0qQk/hqdefault.jpg,2021-06-08T00:00:00,2021-06-08T00:00:00
231,bJnxSCTZZs8,ã€3rdLIVEã€‘ã„ã¤ã‚‚ã‚ã‚ŠãŒã¨ã†ï¼ã€æ¡ƒéˆ´ã­ã­/ãƒ›ãƒ­ãƒ©ã‚¤ãƒ–ã€‘,137593,2020-09-11T13:56:00Z,https://www.youtube.com/watch?v=bJnxSCTZZs8,http://img.youtube.com/vi/bJnxSCTZZs8/hqdefault.jpg,2021-06-08T00:00:00,2021-06-08T00:00:00
232,NMz6Gfj2u8Q,ã€é›‘è«‡ã€‘ãšã£ã¨çœ ã„ã€ã­ã­ã®æ˜¼ï¼ã€ãƒ›ãƒ­ãƒ©ã‚¤ãƒ–/æ¡ƒéˆ´ã­ã­ã€‘,52586,2020-09-11T04:08:39Z,https://www.youtube.com/watch?v=NMz6Gfj2u8Q,http://img.youtube.com/vi/NMz6Gfj2u8Q/hqdefault.jpg,2021-06-08T00:00:00,2021-06-08T00:00:00
233,5PA0AO0B010,ã€ã‚¯ãƒ©ãƒ•ãƒˆãƒ”ã‚¢/craftopiaã€‘å¼·è€…ã€ã­ã­ã€ãƒ›ãƒ­ãƒ©ã‚¤ãƒ–/æ¡ƒéˆ´ã­ã­ã€‘,81793,2020-09-10T13:09:15Z,https://www.youtube.com/watch?v=5PA0AO0B010,http://img.youtube.com/vi/5PA0AO0B010/hqdefault.jpg,2021-06-08T00:00:00,2021-06-08T00:00:00
234,jAMgOsI-wkA,ã€ãŠçµµã‹ãã€‘ãƒ©ãƒŸã‚£ã¡ã‚ƒã‚“ã®ä¸‹æ›¸ãã€ãƒ›ãƒ­ãƒ©ã‚¤ãƒ–/æ¡ƒéˆ´ã­ã­ã€‘,84496,2020-09-08T11:04:02Z,https://www.youtube.com/watch?v=jAMgOsI-wkA,http://img.youtube.com/vi/jAMgOsI-wkA/hqdefault.jpg,2021-06-08T00:00:00,2021-06-08T00:00:00
235,-SWo8A6BWSc,ã€ã‚¬ãƒæ­Œç·´ã€‘ã­ã­ã¯ãŠæ­Œã‚’ç·´ç¿’ã™ã‚‹ã‚ã‚‹ã€æ¡ƒéˆ´ã­ã­/ãƒ›ãƒ­ãƒ©ã‚¤ãƒ–ã€‘,100847,2020-09-08T05:00:37Z,https://www.youtube.com/watch?v=-SWo8A6BWSc,http://img.youtube.com/vi/-SWo8A6BWSc/hqdefault.jpg,2021-06-08T00:00:00,2021-06-08T00:00:00
236,VQjpoeNh0UI,ã€APEXã€‘ã­ã­ã¯1äººã ã¨å¼·ããªã„ã‚ã‚‹ã€ãƒ›ãƒ­ãƒ©ã‚¤ãƒ–/æ¡ƒéˆ´ã­ã­ã€‘,98342,2020-09-07T14:35:53Z,https://www.youtube.com/watch?v=VQjpoeNh0UI,http://img.youtube.com/vi/VQjpoeNh0UI/hqdefault.jpg,2021-06-08T00:00:00,2021-06-08T00:00:00
237,HXyZ0_j9T4M,ã€é›‘è«‡ã€‘ãã£ã¨çœ ã„ã€ã­ã­ã®æ˜¼ï¼ã€ãƒ›ãƒ­ãƒ©ã‚¤ãƒ–/æ¡ƒéˆ´ã­ã­ã€‘,82824,2020-09-07T05:17:57Z,https://www.youtube.com/watch?v=HXyZ0_j9T4M,http://img.youtube.com/vi/HXyZ0_j9T4M/hqdefault.jpg,2021-06-08T00:00:00,2021-06-08T00:00:00
238,4R_DUDP_9y0,ã€é›€é­‚ã€‘åˆå¿ƒè€…ãˆã‚“ã˜ã‚‡ã„éº»é›€ã€ãƒ›ãƒ­ãƒ©ã‚¤ãƒ–/æ¡ƒéˆ´ã­ã­ã€‘,85333,2020-09-05T15:42:59Z,https://www.youtube.com/watch?v=4R_DUDP_9y0,http://img.youtube.com/vi/4R_DUDP_9y0/hqdefault.jpg,2021-06-08T00:00:00,2021-06-08T00:00:00
239,ZBcE8O6JlhY,ã€ã‚¯ãƒ©ãƒ•ãƒˆãƒ”ã‚¢/craftopiaã€‘ã¾ã£ãŸã‚Šéã”ã—ãŸã„ã€ãƒ›ãƒ­ãƒ©ã‚¤ãƒ–/æ¡ƒéˆ´ã­ã­ã€‘,107647,2020-09-05T05:45:39Z,https://www.youtube.com/watch?v=ZBcE8O6JlhY,http://img.youtube.com/vi/ZBcE8O6JlhY/hqdefault.jpg,2021-06-08T00:00:00,2021-06-08T00:00:00
240,PXgjkzARvnU,ã­ã­ã¯ã‚¤ãƒ©ã‚¹ãƒˆã‚’æãã‚ã‚‹ï¼ã€ãƒ›ãƒ­ãƒ©ã‚¤ãƒ–/æ¡ƒéˆ´ã­ã­ã€‘,87990,2020-09-04T12:05:07Z,https://www.youtube.com/watch?v=PXgjkzARvnU,http://img.youtube.com/vi/PXgjkzARvnU/hqdefault.jpg,2021-06-08T00:00:00,2021-06-08T00:00:00
241,R9ahNWzSbAo,ã€é›‘è«‡ã€‘é‡‘æ›œæ—¥ã ã­ï¼ã¿ã‚“ãªã‚ã¨å°‘ã—é ‘å¼µã‚ã†ã­âœ¨ã€ãƒ›ãƒ­ãƒ©ã‚¤ãƒ–/æ¡ƒéˆ´ã­ã­ã€‘,75469,2020-09-04T05:10:25Z,https://www.youtube.com/watch?v=R9ahNWzSbAo,http://img.youtube.com/vi/R9ahNWzSbAo/hqdefault.jpg,2021-06-08T00:00:00,2021-06-08T00:00:00
242,GCciywGZnwc,ã‚‰ã¿ã¡ã‚ƒã‚“ã¨ã‚¢ã‚½ãƒ“å¤§å…¨å‹è² ï¼,82761,2020-09-03T12:01:59Z,https://www.youtube.com/watch?v=GCciywGZnwc,http://img.youtube.com/vi/GCciywGZnwc/hqdefault.jpg,2021-06-08T00:00:00,2021-06-08T00:00:00
243,dkmaWoFqhyA,æ°—æŒã¡é‡èœé£Ÿã¹ã¦ã¾ã™æ˜¼ï¼ï¼ï¼ï¼ã€ãƒ›ãƒ­ãƒ©ã‚¤ãƒ–/æ¡ƒéˆ´ã­ã­ã€‘,83528,2020-09-03T05:36:30Z,https://www.youtube.com/watch?v=dkmaWoFqhyA,http://img.youtube.com/vi/dkmaWoFqhyA/hqdefault.jpg,2021-06-08T00:00:00,2021-06-08T00:00:00
244,QLAvOzVXpSU,ä¹…ã—ã¶ã‚Šã®ã„ãŸã ãã¾ãï½ã™ï¼ï¼ï¼ã€ãƒ›ãƒ­ãƒ©ã‚¤ãƒ–/æ¡ƒéˆ´ã­ã­ã€‘,92665,2020-09-02T05:25:10Z,https://www.youtube.com/watch?v=QLAvOzVXpSU,http://img.youtube.com/vi/QLAvOzVXpSU/hqdefault.jpg,2021-06-08T00:00:00,2021-06-08T00:00:00
245,lA5EHktx9aM,ã€ï¼Ÿï¼Ÿï¼Ÿã€‘ã¾ã¤ã‚ã‚‹ã€ #ã­ã½ã‚‰ã¼ ã€‘,140439,2020-08-30T11:07:33Z,https://www.youtube.com/watch?v=lA5EHktx9aM,http://img.youtube.com/vi/lA5EHktx9aM/hqdefault.jpg,2021-06-08T00:00:00,2021-06-08T00:00:00
246,7cPQe75PVEs,ã€8æœˆ29æ—¥åˆ†ã€‘ã¯ã„ã±ãƒ¼ã­ã­ã¡ãƒ¼ç‰¹å…¸ä¼šâœ¨ã€æ¡ƒéˆ´ã­ã­ã€‘,68416,2020-08-29T16:57:53Z,https://www.youtube.com/watch?v=7cPQe75PVEs,http://img.youtube.com/vi/7cPQe75PVEs/hqdefault.jpg,2021-06-08T00:00:00,2021-06-08T00:00:00
247,UUv3YRT5leU,ã€2nd live!ã€‘ã­ã­ã®å¯ã‚‹å‰ã—ã£ã¨ã‚Šãƒ©ã‚¤ãƒ–âœ¨ã€æ¡ƒéˆ´ã­ã­ã€‘,115469,2020-08-28T16:11:50Z,https://www.youtube.com/watch?v=UUv3YRT5leU,http://img.youtube.com/vi/UUv3YRT5leU/hqdefault.jpg,2021-06-08T00:00:00,2021-06-08T00:00:00
248,8MhV0POD91U,ã€æ˜ã‚‹ã„æ˜¼ï¼ã€‘æ¥½ã—ã„è©±ãŒã—ãŸã„ã‚ã‚‹ï¼ï¼ã€æ¡ƒéˆ´ã­ã­ã€‘,95618,2020-08-28T05:11:42Z,https://www.youtube.com/watch?v=8MhV0POD91U,http://img.youtube.com/vi/8MhV0POD91U/hqdefault.jpg,2021-06-08T00:00:00,2021-06-08T00:00:00
249,tyu5IkWaUDc,ã€åˆãƒ›ãƒ©ãƒ¼ï¼ï¼Ÿã€‘ã­ã­ãŠã¾å¤œå‹¤äº‹ä»¶ã€ãƒ›ãƒ­ãƒ©ã‚¤ãƒ–ã€‘,228530,2020-08-27T12:38:36Z,https://www.youtube.com/watch?v=tyu5IkWaUDc,http://img.youtube.com/vi/tyu5IkWaUDc/hqdefault.jpg,2021-06-08T00:00:00,2021-06-08T00:00:00
250,rfw2ona2iMc,ã€å¯†ç€ï¼ï¼ã€‘ã­ã­ã®ã‚µãƒ ãƒã®ä½œã‚Šæ–¹ã€æ¡ƒéˆ´ã­ã­ã€‘,87626,2020-08-27T09:36:19Z,https://www.youtube.com/watch?v=rfw2ona2iMc,http://img.youtube.com/vi/rfw2ona2iMc/hqdefault.jpg,2021-06-08T00:00:00,2021-06-08T00:00:00
251,JxiJPehWlGw,ã€åˆã‚ã¦ã®ã€‘ãŠãã‚ƒã°ã¶ã­ã­ã¨ã—ã—ã‚ã¾ã¾ã€APEXã€‘,236429,2020-08-26T13:26:36Z,https://www.youtube.com/watch?v=JxiJPehWlGw,http://img.youtube.com/vi/JxiJPehWlGw/hqdefault.jpg,2021-06-08T00:00:00,2021-06-08T00:00:00
252,Ow4iieMP0ug,ã€ãŠæ˜¼ã¯ã­ã­ã®å‘³æ–¹ã€‘ä»Šæ—¥ã‚‚ã„ãŸã ãã¾ã™ï¼ï¼ã€æ¡ƒéˆ´ã­ã­ã€‘,67682,2020-08-26T03:54:13Z,https://www.youtube.com/watch?v=Ow4iieMP0ug,http://img.youtube.com/vi/Ow4iieMP0ug/hqdefault.jpg,2021-06-08T00:00:00,2021-06-08T00:00:00
253,cD4TpXuwfbs,ã€ãŠæ˜¼å¤§å¥½ãï¼ã€‘å¯åŠã—ãªã„ã‚ã‚‹ã€æ¡ƒéˆ´ã­ã­ã€‘,90875,2020-08-25T04:56:18Z,https://www.youtube.com/watch?v=cD4TpXuwfbs,http://img.youtube.com/vi/cD4TpXuwfbs/hqdefault.jpg,2021-06-08T00:00:00,2021-06-08T00:00:00
254,CLe0TSLlv9E,ã€8æœˆ23æ—¥åˆ†ã€‘âœ¨ã™ãƒ¼ã‚ã±ãƒ¼ã¡ã‚ƒã£ã¨ç‰¹å…¸ä¼šâœ¨ã€ã¿ã‚“ãªã‚ã‚ŠãŒğŸ‘ã€‘,22187,2020-08-24T14:51:25Z,https://www.youtube.com/watch?v=CLe0TSLlv9E,http://img.youtube.com/vi/CLe0TSLlv9E/hqdefault.jpg,2021-06-08T00:00:00,2021-06-08T00:00:00
255,kUbwjWz9HSc,ã€å¯ã™ããŸã€‘ãŠæ˜¼ã”é£¯ã¯æœã”ã¯ã‚“ã‚ã‚‹ã€æ¡ƒéˆ´ã­ã­ã€‘,63939,2020-08-24T04:30:06Z,https://www.youtube.com/watch?v=kUbwjWz9HSc,http://img.youtube.com/vi/kUbwjWz9HSc/hqdefault.jpg,2021-06-08T00:00:00,2021-06-08T00:00:00
256,M5D3WDPGmXg,ã€åˆã‚²ãƒ¼ãƒ âœ¨ã€‘ã­ã­ã®FallGuysã€æ¡ƒéˆ´ã­ã­ã€‘,106146,2020-08-23T14:06:07Z,https://www.youtube.com/watch?v=M5D3WDPGmXg,http://img.youtube.com/vi/M5D3WDPGmXg/hqdefault.jpg,2021-06-08T00:00:00,2021-06-08T00:00:00
257,hgGmKnjVZAY,ã€8æœˆ22æ—¥åˆ†ã€‘âœ¨ã™ãƒ¼ã±ãƒ¼ã¡ã‚ƒã£ã¨ç‰¹å…¸ä¼šâœ¨ã€ã‚ã‚ŠãŒã¨ğŸ¥Ÿã€‘,20076,2020-08-23T11:00:10Z,https://www.youtube.com/watch?v=hgGmKnjVZAY,http://img.youtube.com/vi/hgGmKnjVZAY/hqdefault.jpg,2021-06-08T00:00:00,2021-06-08T00:00:00
258,aZaAy7vBEKo,ã€1st live!ã€‘ã­ã­ã®ãƒŸãƒ‹ãƒ©ã‚¤ãƒ–ã€æ¡ƒéˆ´ã­ã­ã€‘,201483,2020-08-22T15:22:34Z,https://www.youtube.com/watch?v=aZaAy7vBEKo,http://img.youtube.com/vi/aZaAy7vBEKo/hqdefault.jpg,2021-06-08T00:00:00,2021-06-08T00:00:00
259,mKkylKRUD8Y,ã€æ€¥å‹Ÿã€‘ã­ã­ã®æŒ¨æ‹¶ã‚’æ±ºã‚ã‚‹ä¼š,132163,2020-08-20T13:38:57Z,https://www.youtube.com/watch?v=mKkylKRUD8Y,http://img.youtube.com/vi/mKkylKRUD8Y/hqdefault.jpg,2021-06-08T00:00:00,2021-06-08T00:00:00
260,mdCLfvdkG24,âœ¨ã™ãƒ¼ã±ãƒ¼ã¡ã‚ƒã£ã¨ç‰¹å…¸ä¼šâœ¨,142031,2020-08-20T11:28:12Z,https://www.youtube.com/watch?v=mdCLfvdkG24,http://img.youtube.com/vi/mdCLfvdkG24/hqdefault.jpg,2021-06-08T00:00:00,2021-06-08T00:00:00
261,opqkXxig-jo,ã€æ˜¼ãŒæ¥ã„ï¼ã€‘ã­ã­ã¯ãŠæ˜¼ãŒé£Ÿã¹ãŸã„ã€ãƒ‘ãƒ¼ãƒˆ4ã€‘,138812,2020-08-20T04:07:04Z,https://www.youtube.com/watch?v=opqkXxig-jo,http://img.youtube.com/vi/opqkXxig-jo/hqdefault.jpg,2021-06-08T00:00:00,2021-06-08T00:00:00
262,3XXZbXcEoSk,ã©ã†ã„ã†çŠ¶æ³ã‚ã‚‹ã‹â€¦ï¼Ÿï¼Ÿï¼Ÿ,288812,2020-08-18T16:37:42Z,https://www.youtube.com/watch?v=3XXZbXcEoSk,http://img.youtube.com/vi/3XXZbXcEoSk/hqdefault.jpg,2021-06-08T00:00:00,2021-06-08T00:00:00
263,jtMq-Vra7dY,ã€MADã€‘ãƒ©ãƒŸã‚£ã®ã†ãŸã€#æ¡ƒéˆ´ã­ã­ã€‘,228999,2020-08-18T12:10:22Z,https://www.youtube.com/watch?v=jtMq-Vra7dY,http://img.youtube.com/vi/jtMq-Vra7dY/hqdefault.jpg,2021-06-08T00:00:00,2021-06-08T00:00:00
264,QFEZbfhsKQE,ã€ãŠæ˜¼ã ã‚ˆï¼ã€‘ã­ã­ã¨ä¸€ç·’ã«ãŠæ˜¼ï¼ï¼ï¼ã€ãƒ‘ãƒ¼ãƒˆï¼’ã€‘,167427,2020-08-18T02:07:08Z,https://www.youtube.com/watch?v=QFEZbfhsKQE,http://img.youtube.com/vi/QFEZbfhsKQE/hqdefault.jpg,2021-06-08T00:00:00,2021-06-08T00:00:00
265,0N6JFpqqphY,ã€ãŠæ˜¼ã ã‚ˆã€‘ã­ã­ã¨ä¸€ç·’ã«ãŠæ˜¼ã‚’ãŸã¹ã‚ˆã†ã€ãƒ‘ãƒ¼ãƒˆ1ã€‘,232941,2020-08-17T03:03:19Z,https://www.youtube.com/watch?v=0N6JFpqqphY,http://img.youtube.com/vi/0N6JFpqqphY/hqdefault.jpg,2021-06-08T00:00:00,2021-06-08T00:00:00
266,J6bgYiXnfOM,åˆé…ä¿¡ã‚’æŒ¯ã‚Šè¿”ã‚‹ã£ğŸ¸ã€ãƒ©ãƒŸã‚£ã¡ã‚ƒã‚“ã¨ä¸€ç·’ã«ï¼ã€‘,254011,2020-08-13T16:09:21Z,https://www.youtube.com/watch?v=J6bgYiXnfOM,http://img.youtube.com/vi/J6bgYiXnfOM/hqdefault.jpg,2021-06-08T00:00:00,2021-06-08T00:00:00
267,fJ7ueGLuXk8,ã€åˆé…ä¿¡ï¼ã€‘ãƒ›ãƒ­ãƒ©ã‚¤ãƒ–5æœŸç”Ÿã€æ¡ƒéˆ´ã­ã­ã‚ã‚‹ğŸ¥Ÿã€#ã»ã‚ãµãã„ã¶ã€‘,548034,2020-08-13T13:10:39Z,https://www.youtube.com/watch?v=fJ7ueGLuXk8,http://img.youtube.com/vi/fJ7ueGLuXk8/hqdefault.jpg,2021-06-08T00:00:00,2021-06-08T00:00:00